"No","Country","un","g","Student","Year"
1,Argentina,2,20,20,2008
2,Armenia,3,0,3,2008
3,Australia,3,32,35,2008
4,Austria,0,13,13,2008
5,Azerbaijan,0,1,1,2008
6,Bahrain,1,1,2,2008
7,Bangladesh,3,4,7,2008
8,Belarus,0,2,2,2008
9,Belgium,2,10,12,2008
10,Benin,0,1,1,2008
11,Bhutan,0,1,1,2008
12,Bolivia,0,1,1,2008
13,Bosnia-Hercegovina,1,0,1,2008
14,Brazil,10,54,64,2008
15,Bulgaria,9,12,21,2008
16,Burma (Myanmar),3,1,4,2008
17,Cambodia,2,0,2,2008
18,Cameroon,4,0,4,2008
19,Canada,26,118,214,2008
20,Chile,0,28,28,2008
21,China,33,372,405,2008
22,Colombia,2,21,23,2008
23,Costa Rica,2,6,8,2008
24,Croatia,0,6,6,2008
25,Cyprus,2,7,9,2008
26,Czech Republic,0,4,4,2008
27,Denmark,2,5,7,2008
28,Dominican Republic,0,3,3,2008
29,Ecuador,1,4,5,2008
30,Egypt,2,6,8,2008
31,El Salvador,11,2,3,2008
32,Estonia,0,2,2,2008
33,Ethiopia,2,1,3,2008
34,Finland,1,2,3,2008
35,France,4,97,101,2008
36,Gaza Strip,1,0,1,2008
37,Georgia,1,0,1,2008
38,Germany,4,105,109,2008
39,Ghana,8,3,11,2008
40,Greece,2,51,53,2008
41,Guatemala,1,1,2,2008
42,Hong Kong,4,21,25,2008
43,Hungary,0,4,4,2008
44,Iceland,0,7,7,2008
45,India,32,246,278,2008
46,Indonesia,6,19,25,2008
47,Iran,1,27,28,2008
48,Ireland,1,11,12,2008
49,Israel,6,50,56,2008
50,Italy,4,74,78,2008
51,Jamaica,7,2,9,2008
52,Japan,1,80,81,2008
53,Jordan,5,1,6,2008
54,Kazakhstan,2,1,3,2008
55,Kenya,12,4,16,2008
56,South Korea,19,253,272,2008
57,Kuwait,3,2,5,2008
58,Kyrgyzstan,2,0,2,2008
59,Latvia,0,3,3,2008
60,Lebanon,6,20,26,2008
61,Macedonia,1,1,2,2008
62,Madagascar,1,0,1,2008
63,Malaysia,7,22,29,2008
64,Mauritania,0,1,1,2008
65,Mauritius,2,1,3,2008
66,Mexico,8,54,62,2008
67,Moldova,5,2,7,2008
68,Mongolia,3,0,3,2008
69,Montenegro,0,1,1,2008
70,Morocco,1,3,4,2008
71,Nepal,3,6,9,2008
72,Netherlands,0,14,14,2008
73,New Zealand,1,10,11,2008
74,Nicaragua,0,1,1,2008
75,Niger,1,0,1,2008
76,Nigeria,4,10,14,2008
77,Norway,1,7,8,2008
78,Pakistan,10,23,33,2008
79,Panama,3,1,4,2008
80,Peru,2,1,4,2008
81,Philippines,2,12,14,2008
82,Poland,5,8,13,2008
83,Portugal,2,21,23,2008
84,Romania,5,18,23,2008
85,Russia,3,25,28,2008
86,Rwanda,1,1,2,2008
87,Saudi Arabia,4,10,14,2008
88,Serbia,2,13,15,2008
89,Singapore,9,77,86,2008
90,Slovakia,3,1,4,2008
91,Slovenia,1,2,3,2008
92,South Africa,2,6,8,2008
93,Spain,2,50,52,2008
94,Spanish Sahara,1,0,1,2008
95,Sri Lanka,3,6,9,2008
96,St. Lucia,0,1,1,2008
97,Swaziland,1,0,1,2008
98,Sweden,3,8,11,2008
99,Switzerland,0,12,12,2008
100,Syria,2,1,3,2008
101,Taiwan,10,80,90,2008
102,Tanzania,4,0,4,2008
103,Thailand,7,42,49,2008
104,Trinidad & Tobago,2,6,8,2008
105,Tunisia,0,1,1,2008
106,Turkey,7,53,60,2008
107,Turkmenistan,1,0,1,2008
108,Uganda,4,1,5,2008
109,Ukraine,2,2,4,2008
110,United Arab Emirates,1,0,1,2008
111,United Kingdom,20,38,58,2008
112,Uruguay,0,3,3,2008
113,Uzbekistan,0,1,1,2008
114,Venezuela,2,12,14,2008
115,Vietnam,5,18,23,2008
116,West Bank,3,0,3,2008
117,Zimbabwe,3,4,7,2008
118,Algeria,0,1,1,2001
119,Argentina,2,34,36,2001
120,Australia,2,28,30,2001
121,Austria,0,7,7,2001
122,Bahamas,1,0,1,2001
123,Bangladesh,7,9,16,2001
124,Barbados,1,2,3,2001
125,Belarus,0,1,1,2001
126,Belgium,0,14,14,2001
127,Bermuda,0,1,1,2001
128,Bhutan,1,0,1,2001
129,Bolivia,0,1,1,2001
130,Bosnia-Hercegovina,1,2,3,2001
131,Brazil,8,45,53,2001
132,Bulgaria,19,14,33,2001
133,Burma (Myanmar),3,0,3,2001
134,Cambodia,0,1,1,2001
135,Cameroon,1,0,1,2001
136,Canada,33,210,243,2001
137,Chile,1,22,23,2001
138,China,8,319,327,2001
139,Colombia,4,28,32,2001
140,Costa Rica,3,3,6,2001
141,Croatia,0,5,5,2001
142,Cuba,1,0,1,2001
143,Cyprus,9,8,17,2001
144,Czech Republic,2,9,11,2001
145,Denmark,1,3,4,2001
146,Dominican Republic,1,3,4,2001
147,Ecuador,2,3,5,2001
148,Egypt,3,3,6,2001
149,Ethiopia,1,1,2,2001
150,F.Y.R. Macedonia,2,1,3,2001
151,Finland,1,3,4,2001
152,France,4,86,90,2001
153,Gabon,1,0,1,2001
154,Georgia,1,0,1,2001
155,Germany,3,80,83,2001
156,Ghana,12,3,15,2001
157,Greece,4,50,54,2001
158,Guatemala,0,2,2,2001
159,Guyana,1,0,1,2001
160,Hong Kong,10,31,41,2001
161,Hungary,1,8,9,2001
162,Iceland,0,6,6,2001
163,India,13,168,181,2001
164,Indonesia,2,17,19,2001
165,Iran,2,15,17,2001
166,Ireland,2,12,14,2001
167,israel,2,38,40,2001
168,italy,4,61,65,2001
169,Jamaica,1,3,4,2001
170,Japan,6,103,109,2001
171,Jordan,5,1,6,2001
172,Kazakhstan,1,0,1,2001
173,Kenya,8,3,11,2001
174,South Korea,5,175,180,2001
175,Kuwait,0,1,1,2001
176,Kyrgyzstan,0,1,1,2001
177,Latvia,3,0,3,2001
178,Lebanon,6,17,23,2001
179,Lithuania,2,0,2,2001
180,Macau,0,1,1,2001
181,Malawi,0,1,1,2001
182,Malaysia,11,16,27,2001
183,Mexico,5,65,70,2001
184,Moldova,2,0,2,2001
185,Morocco,0,2,2,2001
186,Nepal,1,4,5,2001
187,Netherlands,0,17,17,2001
188,New Zealand,0,8,8,2001
189,Nigeria,3,7,10,2001
190,Norway,2,22,24,2001
191,Pakistan,11,13,24,2001
192,Peru,4,6,10,2001
193,Philippines,4,10,14,2001
194,Poland,2,6,8,2001
195,Portugal,1,21,22,2001
196,Romania,9,27,36,2001
197,Russia,1,38,39,2001
198,Saudi Arabia,5,8,13,2001
199,Sierra Leone,0,1,1,2001
200,Singapore,12,58,70,2001
201,Slovakia,1,4,5,2001
202,Slovenia,1,1,2,2001
203,South Africa,2,8,10,2001
204,Spain,2,42,44,2001
205,Sri Lanka,3,6,9,2001
206,St. Christopher-Nevis,0,1,1,2001
207,St. Lucia,2,0,2,2001
208,St. Vincent & The Grenadines,1,0,1,2001
209,Sudan,0,1,1,2001
210,Sweden,4,17,21,2001
211,Switzerland,2,9,11,2001
212,Syria,1,3,4,2001
213,Taiwan,4,65,69,2001
214,Tanzania,1,0,1,2001
215,Thailand,12,43,55,2001
216,Trinidad & Tobago,10,2,12,2001
217,Tunisia,1,0,1,2001
218,Turkey,10,42,52,2001
219,Uganda,1,0,1,2001
220,Ukraine,3,3,6,2001
221,United Arab Emirates,1,1,2,2001
222,United Kingdom,28,68,96,2001
223,Uruguay,0,2,2,2001
224,Venezuela,2,16,18,2001
225,Yugoslavia,8,15,23,2001
226,Zimbabwe,2,0,2,2001
227,Albania,0,1,1,2002
228,Argentina,3,34,37,2002
229,Australia,2,31,33,2002
230,Austria,0,7,7,2002
231,Bangladesh,6,10,16,2002
232,Barbados,0,1,1,2002
233,Belarus,0,1,1,2002
234,Belgium,2,13,15,2002
235,Bermuda,0,1,1,2002
236,Bhutan,1,0,1,2002
237,Bolivia,0,2,2,2002
238,Bosnia-Hercegovina,0,3,3,2002
239,Brazil,8,46,54,2002
240,Bulgaria,17,15,32,2002
241,Burma (Myanmar),3,1,4,2002
242,Cambodia,0,1,1,2002
243,Cameroon,1,0,1,2002
244,Canada,26,228,254,2002
245,Chile,2,27,29,2002
246,China,10,325,335,2002
247,Colombia,3,23,26,2002
248,Costa Rica,3,0,3,2002
249,Croatia,0,6,6,2002
250,Cyprus,11,7,18,2002
251,Czech Republic,1,10,11,2002
252,Denmark,1,6,7,2002
253,Dominican Republic,1,2,3,2002
254,Ecuador,1,4,5,2002
255,Egypt,2,5,7,2002
256,El Salvador,0,1,1,2002
257,Ethiopia,1,1,2,2002
258,F.Y.R. Macedonia,1,1,2,2002
259,Finland,4,5,9,2002
260,France,4,103,107,2002
261,Gabon,1,0,1,2002
262,Georgia,0,1,1,2002
263,Germany,6,76,82,2002
264,Ghana,12,1,13,2002
265,Greece,5,66,71,2002
266,Guatemala,1,0,1,2002
267,Guyana,1,0,1,2002
268,Haiti,1,0,1,2002
269,Hong Kong,8,31,39,2002
270,Hungary,2,9,11,2002
271,Iceland,0,7,7,2002
272,India,12,185,197,2002
273,Indonesia,4,13,17,2002
274,Iran,1,16,17,2002
275,Iraq,0,1,1,2002
276,Ireland,1,15,16,2002
277,Israel,2,39,41,2002
278,Italy,8,59,67,2002
279,Jamaica,1,5,6,2002
280,Japan,7,86,93,2002
281,Jordan,5,2,7,2002
282,Kazakhstan,2,1,3,2002
283,Kenya,9,4,13,2002
284,South Korea,5,189,194,2002
285,Kuwait,0,1,1,2002
286,Kyrgyzstan,0,1,1,2002
287,Latvia,4,0,4,2002
288,Lebanon,5,18,23,2002
289,Lithuania,2,0,2,2002
290,Luxembourg,1,0,1,2002
291,Macau,0,1,1,2002
292,Malaysia,8,11,19,2002
293,Mauritius,1,0,1,2002
294,Mexico,5,66,71,2002
295,Moldova,2,1,3,2002
296,Morocco,0,1,1,2002
297,Nepal,3,1,4,2002
298,Netherlands,0,15,15,2002
299,New Zealand,1,5,6,2002
300,Nigeria,2,8,10,2002
301,Norway,3,12,15,2002
302,Pakistan,7,17,24,2002
303,Peru,6,6,12,2002
304,Philippines,2,13,15,2002
305,Poland,1,4,5,2002
306,Portugal,1,25,26,2002
307,Romania,10,26,36,2002
308,Russia,2,43,45,2002
309,Saudi Arabia,4,7,11,2002
310,Singapore,9,62,71,2002
311,Slovak Republic,0,5,5,2002
312,Slovenia,1,1,2,2002
313,South Africa,3,6,9,2002
314,Spain,3,51,54,2002
315,Sri Lanka,4,7,11,2002
316,St. Lucia,1,0,1,2002
317,St. Vincent & The Grenadines,1,0,1,2002
318,Sudan,0,1,1,2002
319,Sweden,5,9,14,2002
320,Switzerland,2,7,9,2002
321,Syria,1,4,5,2002
322,Taiwan,3,60,63,2002
323,Tanzania,1,0,1,2002
324,Thailand,11,34,45,2002
325,Trinidad & Tobago,9,4,13,2002
326,Tunisia,1,0,1,2002
327,Turkey,10,50,60,2002
328,Uganda,1,0,1,2002
329,Ukraine,4,3,7,2002
330,United Arab Emirates,1,1,2,2002
331,United Kingdom,41,66,107,2002
332,Uruguay,0,3,3,2002
333,Venezuela,1,17,18,2002
334,Yugoslavia,9,16,25,2002
335,Zimbabwe,3,0,3,2002
336,Albania,0,1,1,2003
337,Argentina,2,29,31,2003
338,Australia,1,30,31,2003
339,Austria,0,5,5,2003
340,Bangladesh,5,10,15,2003
341,Barbados,0,1,1,2003
342,Belarus,0,1,1,2003
343,Belgium,3,13,16,2003
344,Bermuda,0,1,1,2003
345,Bhutan,1,0,1,2003
346,Bolivia,0,2,2,2003
347,Bosnia-Hercegovina,0,3,3,2003
348,Brazil,4,56,60,2003
349,Bulgaria,14,16,30,2003
350,Burma (Myanmar),2,0,2,2003
351,Cambodia,0,1,1,2003
352,Cameroon,1,1,2,2003
353,Canada,20,219,239,2003
354,Chile,2,24,26,2003
355,China,13,306,319,2003
356,Colombia,4,17,21,2003
357,Costa Rica,3,1,4,2003
358,Croatia,0,5,5,2003
359,Cyprus,9,9,18,2003
360,Czech Republic,0,8,8,2003
361,Czechoslovakia,1,2,3,2003
362,Denmark,1,1,2,2003
363,Dominican Republic,0,2,2,2003
364,Ecuador,0,5,5,2003
365,Egypt,1,6,7,2003
366,El Salvador,0,1,1,2003
367,Estonia,1,0,1,2003
368,Ethiopia,1,1,2,2003
369,F.Y.R. Macedonia,0,2,2,2003
370,Finland,4,5,9,2003
371,France,5,103,108,2003
372,"Germany, Federal Republic of",3,73,76,2003
373,Ghana,10,1,11,2003
374,Greece,5,63,68,2003
375,Guatemala,1,0,1,2003
376,Haiti,1,0,1,2003
377,Hong Kong,7,31,38,2003
378,Hungary,2,9,11,2003
379,Iceland,0,6,6,2003
380,India,12,202,214,2003
381,Indonesia,6,14,20,2003
382,Iran,1,25,26,2003
383,Iraq,0,2,23,2003
384,ireland,5,14,19,2003
385,Israel,3,33,36,2003
386,Italy,7,59,66,2003
387,Jamaica,3,4,7,2003
388,Japan,7,98,105,2003
389,Jordan,5,0,5,2003
390,Kazakhstan,3,2,5,2003
391,Kenya,10,2,12,2003
392,South Korea,9,195,204,2003
393,Kuwait,0,1,1,2003
394,Latvia,3,0,3,2003
395,Lebanon,8,24,32,2003
396,Lithuania,2,0,2,2003
397,Macau,0,1,1,2003
398,Malaysia,8,13,21,2003
399,Mauritius,1,2,3,2003
400,Mexico,4,54,58,2003
401,Moldova,3,1,4,2003
402,Nepal,1,3,4,2003
403,Netherlands,0,12,12,2003
404,New Zealand,0,9,9,2003
405,Nigeria,3,3,6,2003
406,Norway,2,11,13,2003
407,Pakistan,11,12,23,2003
408,Panama,0,1,1,2003
409,Peru,4,8,12,2003
410,Philippines,0,13,13,2003
411,Poland,2,6,8,2003
412,Portugal,2,24,26,2003
413,Romania,12,20,32,2003
414,Russia,2,43,45,2003
415,Saudia Arabia,2,3,5,2003
416,Singapore,11,59,70,2003
417,Slovak Republic,0,4,4,2003
418,Slovakia,1,3,4,2003
419,Slovenia,0,1,1,2003
420,South Africa,4,6,10,2003
421,Spain,4,53,57,2003
422,Sri Lanka,5,3,8,2003
423,St. Lucia,1,0,1,2003
424,St. Vincent & The Grenadines,1,0,1,2003
425,Sudan,0,1,1,2003
426,Sweden,5,8,13,2003
427,Switzerland,0,15,15,2003
428,Syria,1,3,4,2003
429,Taiwan,3,64,67,2003
430,Tanzania,2,0,2,2003
431,Thailand,10,35,45,2003
432,Trinidad & Tobago,6,6,12,2003
433,Tunisia,1,0,1,2003
434,Turkey,13,55,68,2003
435,Uganda,2,0,2,2003
436,Ukraine,2,7,9,2003
437,United Arab Emirates,1,1,2,2003
438,United Kingdom,27,54,81,2003
439,Venezuela,4,16,20,2003
440,Vietnam,0,2,2,2003
441,Yugoslavia,4,19,23,2003
442,Zimbabwe,3,1,4,2003
443,Albania,6,,7,2020
444,Algeria,1,3,4,2020
445,Argentina,2,20,24,2020
446,Armenia,1,4,6,2020
447,Australia,5,39,47,2020
448,Austria,1,5,9,2020
449,Azerbaijan,1,1,2,2020
450,Bahrain,,4,4,2020
451,Bangladesh,6,8,16,2020
452,Barbados,1,,1,2020
453,Belgium,,8,8,2020
454,Bermuda,1,,1,2020
455,Bosnia-Hercegovina,2,2,4,2020
456,Botswana,,1,1,2020
457,Brazil,11,59,73,2020
458,Bulgaria,5,4,9,2020
459,Burkina Faso,1,1,2,2020
460,Burma (Myanmar),2,1,3,2020
461,Canada,12,210,235,2020
462,Chile,1,28,32,2020
463,China,59,783,972,2020
464,Colombia,3,25,29,2020
465,Costa Rica,2,7,10,2020
466,Croatia,1,,1,2020
467,Cyprus,2,4,6,2020
468,Czech Republic,,3,4,2020
469,Denmark,1,9,11,2020
470,Dominica,1,,1,2020
471,Dominican Republic,,2,2,2020
472,Ecuador,1,2,4,2020
473,Egypt,2,16,19,2020
474,El Salvador,4,,4,2020
475,Estonia,2,2,4,2020
476,Ethiopia,5,2,7,2020
477,Finland,1,2,3,2020
478,France,1,98,103,2020
479,Gabon,,1,1,2020
480,Gambia,,1,1,2020
481,Gaza Strip,1,,1,2020
482,Georgia,4,,4,2020
483,Germany,4,59,79,2020
484,Ghana,5,1,6,2020
485,Greece,3,37,41,2020
486,Guatemala,1,1,2,2020
487,Guyana,1,,1,2020
488,Honduras,1,,2,2020
489,Hong Kong,5,21,29,2020
490,Hungary,,4,5,2020
491,India,21,265,311,2020
492,Indonesia,4,18,27,2020
493,Iran,1,33,35,2020
494,Iraq,1,,1,2020
495,Ireland,,8,9,2020
496,Israel,10,39,51,2020
497,Italy,1,46,55,2020
498,Jamaica,4,,5,2020
499,Japan,2,55,60,2020
500,Jordan,3,1,4,2020
501,Kazakhstan,2,10,12,2020
502,Kenya,8,3,11,2020
503,South Korea,18,177,213,2020
504,Kosovo,1,,2,2020
505,Kuwait,,5,5,2020
506,Lebanon,1,14,15,2020
507,Libya,,1,1,2020
508,Lithuania,,1,2,2020
509,"Macedonia, North",2,2,4,2020
510,Malaysia,4,18,23,2020
511,Mauritius,,2,2,2020
512,Mexico,16,45,64,2020
513,Moldova,4,1,6,2020
514,Mongolia,7,2,9,2020
515,Montenegro,1,,1,2020
516,Morocco,,5,5,2020
517,Mozambique,,2,2,2020
518,Nepal,8,3,11,2020
519,Netherlands,1,9,12,2020
520,New Zealand,1,12,17,2020
521,Nigeria,5,9,15,2020
522,Norway,,5,6,2020
523,Pakistan,5,18,24,2020
524,Panama,,3,3,2020
525,Paraguay,1,3,4,2020
526,Peru,4,16,21,2020
527,Philippines,4,5,9,2020
528,Poland,3,8,13,2020
529,Portugal,1,8,10,2020
530,Romania,5,10,18,2020
531,Russia,3,31,36,2020
532,Rwanda,6,2,8,2020
533,Saudi Arabia,14,23,39,2020
534,Senegal,,1,1,2020
535,Serbia,,4,5,2020
536,Sierra Leone,1,,1,2020
537,Singapore,6,70,82,2020
538,Slovakia,,4,5,2020
539,Slovenia,1,1,3,2020
540,South Africa,,5,11,2020
541,South Sudan,1,,1,2020
542,Spain,2,73,78,2020
543,Sri Lanka,3,3,7,2020
544,St. Lucia,1,,1,2020
545,St. Vincent & The Grenadines,2,,2,2020
546,Stateless,1,5,8,2020
547,Sudan,2,,3,2020
548,Swaziland,,1,1,2020
549,Sweden,2,5,8,2020
550,Switzerland,,15,18,2020
551,Syria,5,3,9,2020
552,Taiwan,7,60,74,2020
553,Tajikistan,1,1,2,2020
554,Tanzania,4,3,7,2020
555,Thailand,23,33,58,2020
556,Trinidad & Tobago,2,1,3,2020
557,Tunisia,,2,2,2020
558,Turkey,6,26,36,2020
559,Ukraine,7,5,12,2020
560,United Arab Emirates,,4,4,2020
561,United Kingdom,10,54,71,2020
562,Uruguay,1,,1,2020
563,Uzbekistan,,,1,2020
564,Venezuela,4,7,11,2020
565,Vietnam,11,13,26,2020
566,Zambia,2,,2,2020
567,Zimbabwe,4,1,5,2020
568,Albania,0,1,1,2004
569,Andorra,0,1,1,2004
570,Argentina,3,23,26,2004
571,Australia,3,34,37,2004
572,Austria,0,8,8,2004
573,Azerbaijan,1,0,1,2004
574,Bahrain,1,0,1,2004
575,Bangladesh,5,8,13,2004
576,Barbados,0,1,1,2004
577,Belarus,0,1,1,2004
578,Belgium,2,14,16,2004
579,Bolivia,0,1,1,2004
580,Bosnia-Hercegovina,0,2,2,2004
581,Brazil,3,48,51,2004
582,Bulgaria,9,17,26,2004
583,Burma (Myanmar),1,1,2,2004
584,Cambodia,0,1,1,2004
585,Cameroon,2,1,3,2004
586,Canada,17,218,235,2004
587,Chile,1,22,23,2004
588,China,11,303,314,2004
589,Colombia,3,12,15,2004
590,Costa Rica,2,3,5,2004
591,Croatia,0,7,7,2004
592,Cyprus,9,7,16,2004
593,Czech Republic,0,10,10,2004
594,Denmark,0,5,5,2004
595,Dominican Republic,0,2,2,2004
596,Ecuador,0,4,4,2004
597,Egypt,0,5,5,2004
598,Estonia,1,1,2,2004
599,Ethiopia,1,1,2,2004
600,F.Y.R. Macedonia,0,3,3,2004
601,Finland,5,4,9,2004
602,France,4,106,110,2004
603,"Germany, Federal Republic of",2,67,69,2004
604,Ghana,7,3,10,2004
605,Greece,7,54,61,2004
606,Guatemala,1,1,2,2004
607,Haiti,1,0,1,2004
608,Hong Kong,7,28,35,2004
609,Hungary,2,12,14,2004
610,Iceland,0,6,6,2004
611,India,15,209,224,2004
612,Indonesia,5,11,16,2004
613,Iran,1,25,26,2004
614,Iraq,0,2,2,2004
615,ireland,3,16,19,2004
616,Israel,1,38,39,2004
617,Italy,7,65,72,2004
618,ivory Coast,0,1,1,2004
619,Jamaica,3,4,7,2004
620,Japan,5,81,86,2004
621,Jordan,5,2,7,2004
622,Kazakhstan,3,0,3,2004
623,Kenya,8,1,9,2004
624,South Korea,13,223,236,2004
625,Kuwait,1,2,3,2004
626,Latvia,1,1,2,2004
627,Lebanon,3,19,22,2004
628,Liberia,0,1,1,2004
629,Lithuania,2,0,2,2004
630,Luxembourg,0,1,1,2004
631,Macau,0,1,1,2004
632,Malaysia,8,13,21,2004
633,Mauritania,0,1,1,2004
634,Mauritius,2,0,2,2004
635,Mexico,4,57,61,2004
636,Moldova,2,3,5,2004
637,Morocco,1,1,2,2004
638,Nepal,2,2,4,2004
639,Netherlands,0,15,15,2004
640,New Zealand,0,12,12,2004
641,Nigeria,4,4,8,2004
642,Norway,2,8,10,2004
643,Pakistan,8,12,20,2004
644,Panama,1,1,2,2004
645,Peru,4,7,11,2004
646,Philippines,0,10,10,2004
647,Poland,6,4,10,2004
648,Portugal,0,20,20,2004
649,Romania,11,20,31,2004
650,Russia,2,41,43,2004
651,Saudi Arabia,4,5,9,2004
652,Singapore,9,51,60,2004
653,Slovak Republic/Slovakia,1,5,6,2004
654,Slovenia,0,1,1,2004
655,South Africa,2,5,7,2004
656,Spain,2,42,44,2004
657,Sri Lanka,3,6,9,2004
658,St. Lucia,0,1,1,2004
659,St. Vincent & The Grenadines,1,0,1,2004
660,Sudan,0,1,1,2004
661,Sweden,4,11,15,2004
662,Switzerland,2,11,13,2004
663,Syria,2,3,5,2004
664,Taiwan,3,58,61,2004
665,Tanzania,1,0,1,2004
666,Thailand,11,38,49,2004
667,Trinidad & Tobago,8,4,12,2004
668,Tunisia,1,0,1,2004
669,Turkey,7,51,58,2004
670,Uganda,1,0,1,2004
671,Ukraine,1,9,10,2004
672,United Arab Emirates,1,2,3,2004
673,United Kingdom,29,56,85,2004
674,Uruguay,0,2,2,2004
675,Venezuela,3,12,15,2004
676,Vietnam,0,8,9,2004
677,Yugoslavia,4,19,17,2004
678,Zimbabwe,4,1,5,2004
679,Argentina,2,18,20,2005
680,Australia,2,25,27,2005
681,Austria,1,12,13,2005
682,Azerbaijan,2,0,2,2005
683,Bahrain,2,0,2,2005
684,Bangladesh,4,9,13,2005
685,Barbados,0,1,1,2005
686,Belarus,0,2,2,2005
687,Belgium,1,14,15,2005
688,Belize,0,1,1,2005
689,Bhutan,0,1,1,2005
690,Bolivia,0,2,2,2005
691,Bosnia-Hercegovina,0,1,1,2005
692,Brazil,3,33,36,2005
693,Bulgaria,10,17,27,2005
694,Burma (Myanmar),1,1,2,2005
695,Cambodia,0,1,1,2005
696,Cameroon,3,1,4,2005
697,Canada,17,200,217,2005
698,Chile,1,23,24,2005
699,China,20,308,328,2005
700,Colombia,2,16,18,2005
701,Costa Rica,1,5,6,2005
702,Croatia,0,6,6,2005
703,Cyprus,8,5,13,2005
704,Czech Republic,0,7,7,2005
705,Denmark,1,7,8,2005
706,Dominican Republic,0,1,1,2005
707,Ecuador,0,5,5,2005
708,Egypt,1,8,9,2005
709,Estonia,1,2,3,2005
710,Ethiopia,1,1,2,2005
711,Finland,2,8,10,2005
712,France,6,106,112,2005
713,Germany,6,70,76,2005
714,Ghana,8,5,13,2005
715,Greece,6,60,66,2005
716,Guatemala,3,2,5,2005
717,Haiti,1,0,1,2005
718,Hong Kong,4,22,26,2005
719,Hungary,1,6,7,2005
720,Iceland,0,5,5,2005
721,India,13,221,234,2005
722,Indonesia,6,8,14,2005
723,Iran,1,23,24,2005
724,Ireland,4,17,21,2005
725,Israel,2,35,37,2005
726,Italy,5,69,74,2005
727,Jamaica,4,2,6,2005
728,Japan,5,92,97,2005
729,Jordan,5,3,8,2005
730,Kazakhstan,4,2,6,2005
731,Kenya,8,6,14,2005
732,South Korea,18,226,244,2005
733,Kuwait,2,0,2,2005
734,Kyrgyzstan,1,0,1,2005
735,Latvia,0,2,2,2005
736,Lebanon,3,18,21,2005
737,Liberia,0,1,1,2005
738,Lithuania,1,0,1,2005
739,Macau,0,1,1,2005
740,"Macedonia, Former Yug Rep of",0,4,4,2005
741,Malaysia,7,20,27,2005
742,Mauritania,0,1,1,2005
743,Mauritius,2,0,2,2005
744,Mexico,3,53,56,2005
745,Moldova,3,4,7,2005
746,Mongolia,1,0,1,2005
747,Morocco,1,2,3,2005
748,Nepal,3,4,7,2005
749,Netherlands,0,17,17,2005
750,New Zealand,0,11,11,2005
751,Nigeria,4,7,11,2005
752,Norway,2,13,15,2005
753,Pakistan,9,20,29,2005
754,Panama,1,1,2,2005
755,Peru,3,4,7,2005
756,Philippines,2,9,11,2005
757,Poland,7,8,15,2005
758,Portugal,0,18,18,2005
759,Romania,7,16,23,2005
760,Russia,1,36,37,2005
761,Rwanda,1,0,1,2005
762,Saudi Arabia,2,4,6,2005
763,Serbia and Montenegro,2,20,22,2005
764,Singapore,8,62,70,2005
765,Slovakia,1,5,6,2005
766,Slovenia,0,3,3,2005
767,South Africa,3,1,4,2005
768,Spain,2,52,54,2005
769,Sri Lanka,4,2,6,2005
770,Sudan,0,1,1,2005
771,Sweden,3,17,20,2005
772,Switzerland,2,6,8,2005
773,Syria,1,2,3,2005
774,Taiwan,6,70,76,2005
775,Tanzania,2,0,2,2005
776,Thailand,11,52,63,2005
777,Trinidad & Tobago,6,4,10,2005
778,Turkey,6,54,60,2005
779,Turkmenistan,1,0,1,2005
780,Uganda,1,0,1,2005
781,Ukraine,3,10,13,2005
782,United Arab Emirates,0,3,3,2005
783,United Kingdom,27,45,72,2005
784,Venezuela,4,11,15,2005
785,Vietnam,2,11,13,2005
786,West Bank,2,0,2,2005
787,Zimbabwe,3,4,7,2005
788,Albania,2,,3,2011
789,Argentina,1,17,19,2011
790,Armenia,3,2,5,2011
791,Australia,3,28,34,2011
792,Austria,,5,8,2011
793,Bahrain,2,1,3,2011
794,Bangladesh,4,1,5,2011
795,Belarus,,1,1,2011
796,Belgium,,8,13,2011
797,Bolivia,,2,2,2011
798,Bosnia-Hercegovina,2,1,3,2011
799,Botswana,1,,1,2011
800,Brazil,10,39,58,2011
801,Bulgaria,7,13,23,2011
802,Burma (Myanmar),,,1,2011
803,Cambodia,2,,2,2011
804,Cameroon,4,1,5,2011
805,Canada,22,216,253,2011
806,Chile,1,42,45,2011
807,China,45,426,533,2011
808,Colombia,2,19,22,2011
809,Costa Rica,3,2,6,2011
810,Cote dâ€™Ivoire,,1,1,2011
811,Croatia,,2,4,2011
812,Cyprus,3,3,6,2011
813,Czech Republic,1,1,3,2011
814,Denmark,,1,9,2011
815,Dominican Republic,,1,1,2011
816,Ecuador,2,2,4,2011
817,Egypt,2,10,12,2011
818,El Salvador,3,1,4,2011
819,Estonia,1,1,2,2011
820,Ethiopia,3,1,5,2011
821,Finland,,4,5,2011
822,France,,68,87,2011
823,Gaza Strip,1,,1,2011
824,Georgia,1,2,3,2011
825,Germany,2,52,104,2011
826,Ghana,6,5,11,2011
827,Greece,3,39,49,2011
828,Guatemala,,5,5,2011
829,Hong Kong,4,15,20,2011
830,Hungary,1,6,8,2011
831,Iceland,1,6,7,2011
832,India,22,245,295,2011
833,Indonesia,7,13,23,2011
834,Iran,1,36,44,2011
835,Ireland,1,11,13,2011
836,Israel,4,46,60,2011
837,Italy,2,42,70,2011
838,Jamaica,3,2,5,2011
839,Japan,3,67,81,2011
840,Jordan,7,4,11,2011
841,Kazakhstan,3,4,7,2011
842,Kenya,7,3,10,2011
843,South Korea,29,227,280,2011
844,Kuwait,1,,1,2011
845,Kyrgyzstan,3,,3,2011
846,Latvia,,3,3,2011
847,Lebanon,4,12,17,2011
848,Lithuania,1,2,3,2011
849,Macau,1,,1,2011
850,Macedonia,2,,2,2011
851,Madagascar,,1,1,2011
852,Malawi,1,,1,2011
853,Malaysia,7,13,20,2011
854,Mauritius,1,1,3,2011
855,Mexico,8,46,57,2011
856,Moldova,3,,3,2011
857,Mongolia,3,,3,2011
858,Montenegro,,2,2,2011
859,Morocco,1,1,2,2011
860,Nepal,5,8,13,2011
861,Netherlands,2,6,23,2011
862,New Zealand,1,9,10,2011
863,Nigeria,8,8,16,2011
864,Norway,2,7,14,2011
865,Pakistan,8,19,30,2011
866,Panama,,1,1,2011
867,Peru,4,4,9,2011
868,Philippines,2,6,8,2011
869,Poland,4,5,11,2011
870,Portugal,2,8,27,2011
871,Romania,8,13,24,2011
872,Russia,4,34,43,2011
873,Rwanda,2,1,3,2011
874,Saudi Arabia,6,12,22,2011
875,Serbia,8,9,17,2011
876,Singapore,7,82,95,2011
877,South Africa,1,7,8,2011
878,Spain,3,55,79,2011
879,Sri Lanka,1,7,9,2011
880,St. Lucia,,1,1,2011
881,Stateless,2,2,7,2011
882,Sweden,,3,3,2011
883,Switzerland,,12,20,2011
884,Syria,2,1,3,2011
885,Taiwan,10,84,101,2011
886,Tanzania,3,,3,2011
887,Thailand,17,37,58,2011
888,Trinidad & Tobago,3,6,9,2011
889,Tunisia,,1,1,2011
890,Turkey,7,50,67,2011
891,Uganda,7,2,9,2011
892,Ukraine,3,6,10,2011
893,United Arab Emirates,2,1,5,2011
894,United Kingdom,5,52,70,2011
895,Uruguay,,7,7,2011
896,Venezuela,1,9,12,2011
897,Vietnam,10,5,19,2011
898,West Bank,3,3,6,2011
899,Zambia,2,,2,2011
900,Zimbabwe,6,,7,2011
901,Albania,3,,3,2012
902,Argentina,,21,21,2012
903,Armenia,3,3,6,2012
904,Australia,4,29,36,2012
905,Austria,,7,11,2012
906,Bahrain,2,,2,2012
907,Bangladesh,3,8,12,2012
908,Belarus,1,,2,2012
909,Belgium,,9,10,2012
910,Bolivia,,1,1,2012
911,Bosnia-Hercegovina,1,1,2,2012
912,Botswana,1,,1,2012
913,Brazil,8,54,81,2012
914,Bulgaria,7,13,21,2012
915,Burma (Myanmar),,,1,2012
916,Cambodia,2,,2,2012
917,Cameroon,4,2,6,2012
918,Canada,22,239,267,2012
919,Chile,1,35,37,2012
920,China,50,551,667,2012
921,Colombia,3,18,25,2012
922,Costa Rica,5,3,8,2012
923,Cote dâ€™Ivoire,,1,1,2012
924,Croatia,,2,3,2012
925,Cyprus,2,5,8,2012
926,Czech Republic,1,3,4,2012
927,Denmark,,,8,2012
928,Ecuador,1,1,2,2012
929,Egypt,3,14,17,2012
930,El Salvador,2,1,3,2012
931,Estonia,2,2,4,2012
932,Ethiopia,4,2,7,2012
933,Finland,,4,7,2012
934,France,,69,83,2012
935,Gaza Strip,,1,1,2012
936,Georgia,2,1,3,2012
937,Germany,1,62,108,2012
938,Ghana,6,2,8,2012
939,Greece,7,44,53,2012
940,Guatemala,,3,3,2012
941,Haiti,,,1,2012
942,Hong Kong,4,13,18,2012
943,Hungary,1,5,6,2012
944,Iceland,1,5,6,2012
945,India,19,260,305,2012
946,Indonesia,9,11,22,2012
947,Iran,1,35,42,2012
948,Ireland,,10,10,2012
949,Israel,2,58,74,2012
950,Italy,2,42,75,2012
951,Jamaica,3,,3,2012
952,Japan,3,64,75,2012
953,Jordan,5,3,8,2012
954,Kazakhstan,5,5,10,2012
955,Kenya,7,4,11,2012
956,South Korea,26,233,273,2012
957,Kuwait,1,,1,2012
958,Kyrgyzstan,1,,1,2012
959,Latvia,,4,4,2012
960,Lebanon,3,19,23,2012
961,Lithuania,1,3,5,2012
962,Luxembourg,,,1,2012
963,Macau,1,,1,2012
964,Macedonia,2,1,3,2012
965,Malaysia,7,17,26,2012
966,Malta,,1,1,2012
967,Mauritius,2,2,4,2012
968,Mexico,9,56,67,2012
969,Moldova,4,1,5,2012
970,Mongolia,2,,2,2012
971,Montenegro,,2,2,2012
972,Morocco,1,1,2,2012
973,Nepal,5,9,14,2012
974,Netherlands,2,10,20,2012
975,New Zealand,2,7,9,2012
976,Nigeria,7,12,19,2012
977,Norway,5,9,20,2012
978,Pakistan,10,23,33,2012
979,Panama,,1,1,2012
980,Paraguay,1,1,2,2012
981,Peru,3,5,8,2012
982,Philippines,3,4,8,2012
983,Poland,5,3,10,2012
984,Portugal,2,7,20,2012
985,Romania,4,20,24,2012
986,Russia,4,37,55,2012
987,Rwanda,3,2,5,2012
988,Saudi Arabia,7,11,28,2012
989,Senegal,,1,1,2012
990,Serbia,5,10,18,2012
991,Sierra Leone,,1,1,2012
992,Singapore,9,79,94,2012
993,South Africa,1,4,9,2012
994,Spain,4,43,68,2012
995,Sri Lanka,1,6,9,2012
996,St. Lucia,1,1,2,2012
997,St. Vincent & The Grenadines,1,,1,2012
998,Stateless,2,,2,2012
999,Sudan,,1,1,2012
1000,Sweden,1,5,7,2012
1001,Switzerland,2,14,18,2012
1002,Syria,1,5,6,2012
1003,Taiwan,11,75,92,2012
1004,Tanzania,2,,2,2012
1005,Thailand,22,39,65,2012
1006,Trinidad & Tobago,4,4,8,2012
1007,Tunisia,,2,2,2012
1008,Turkey,10,45,60,2012
1009,Uganda,6,2,8,2012
1010,Ukraine,2,6,8,2012
1011,United Arab Emirates,1,1,2,2012
1012,United Kingdom,5,50,66,2012
1013,Uruguay,,6,6,2012
1014,Venezuela,,13,14,2012
1015,Vietnam,11,7,20,2012
1016,West Bank,2,3,5,2012
1017,Zambia,3,,3,2012
1018,Zimbabwe,5,,5,2012
1019,Albania,3,1,4,2013
1020,Antigua and Barbuda,,,1,2013
1021,Argentina,,19,19,2013
1022,Armenia,3,2,5,2013
1023,Australia,6,32,39,2013
1024,Austria,,11,16,2013
1025,Bahrain,2,,2,2013
1026,Bangladesh,3,7,10,2013
1027,Belarus,1,,1,2013
1028,Belgium,1,8,16,2013
1029,Bolivia,,2,3,2013
1030,Bosnia-Hercegovina,1,1,2,2013
1031,Brazil,7,57,95,2013
1032,Bulgaria,8,11,20,2013
1033,Cambodia,2,1,3,2013
1034,Cameroon,4,3,7,2013
1035,Canada,19,239,262,2013
1036,Chile,,47,50,2013
1037,China,49,577,683,2013
1038,Colombia,5,22,28,2013
1039,Costa Rica,5,4,9,2013
1040,Cote dâ€™Ivoire,,1,1,2013
1041,Croatia,,1,2,2013
1042,Cyprus,3,2,5,2013
1043,Czech Republic,1,1,3,2013
1044,Denmark,,2,11,2013
1045,Ecuador,3,2,6,2013
1046,Egypt,3,15,19,2013
1047,El Salvador,2,1,3,2013
1048,Estonia,3,1,4,2013
1049,Ethiopia,6,1,8,2013
1050,Finland,,3,3,2013
1051,France,,86,96,2013
1052,Georgia,2,2,4,2013
1053,Germany,1,56,93,2013
1054,Ghana,4,4,8,2013
1055,Greece,8,38,47,2013
1056,Guatemala,,2,2,2013
1057,Haiti,,,1,2013
1058,Hong Kong,4,8,12,2013
1059,Hungary,1,6,7,2013
1060,Iceland,1,2,3,2013
1061,India,18,283,325,2013
1062,Indonesia,8,11,20,2013
1063,Iran,2,35,47,2013
1064,Iraq,1,,1,2013
1065,Ireland,1,11,13,2013
1066,Israel,4,65,72,2013
1067,Italy,3,34,61,2013
1068,Jamaica,4,1,6,2013
1069,Japan,4,67,74,2013
1070,Jordan,3,1,4,2013
1071,Kazakhstan,6,3,9,2013
1072,Kenya,8,4,12,2013
1073,South Korea,27,221,260,2013
1074,Kuwait,,1,1,2013
1075,Latvia,,3,3,2013
1076,Lebanon,2,22,25,2013
1077,Lithuania,1,2,3,2013
1078,Macedonia,1,1,3,2013
1079,Malaysia,5,18,25,2013
1080,Mauritius,2,1,3,2013
1081,Mexico,12,58,75,2013
1082,Moldova,3,1,4,2013
1083,Mongolia,4,2,6,2013
1084,Montenegro,,1,1,2013
1085,Morocco,,3,4,2013
1086,Nepal,5,9,15,2013
1087,Netherlands,1,10,18,2013
1088,New Zealand,2,9,12,2013
1089,Nigeria,4,13,17,2013
1090,Norway,5,8,18,2013
1091,Pakistan,6,23,32,2013
1092,Paraguay,1,1,2,2013
1093,Peru,3,8,11,2013
1094,Philippines,2,7,9,2013
1095,Poland,3,8,16,2013
1096,Portugal,2,3,5,2013
1097,Qatar,,1,1,2013
1098,Romania,3,18,21,2013
1099,Russia,5,33,50,2013
1100,Rwanda,3,1,4,2013
1101,Saudi Arabia,7,13,30,2013
1102,Serbia,3,6,9,2013
1103,Sierra Leone,,1,1,2013
1104,Singapore,9,88,103,2013
1105,Slovakia,,1,1,2013
1106,Somalia,1,,1,2013
1107,South Africa,1,6,10,2013
1108,Spain,4,48,69,2013
1109,Sri Lanka,2,9,12,2013
1110,St. Lucia,1,1,2,2013
1111,St. Vincent & The Grenadines,1,,1,2013
1112,Sudan,,1,1,2013
1113,Sweden,1,9,12,2013
1114,Switzerland,3,14,22,2013
1115,Syria,1,4,5,2013
1116,Taiwan,9,71,84,2013
1117,Tanzania,3,,3,2013
1118,Thailand,21,45,68,2013
1119,Trinidad & Tobago,4,,4,2013
1120,Tunisia,1,1,2,2013
1121,Turkey,7,49,59,2013
1122,Uganda,4,2,6,2013
1123,Ukraine,2,9,11,2013
1124,United Arab Emirates,1,3,4,2013
1125,United Kingdom,6,49,69,2013
1126,Uruguay,,5,5,2013
1127,Venezuela,,15,16,2013
1128,Vietnam,10,8,20,2013
1129,West Bank,1,4,5,2013
1130,Zambia,3,,3,2013
1131,Zimbabwe,4,,4,2013
1132,Albania,2,1,3,2014
1133,Antigua and Barbuda,,,1,2014
1134,Argentina,,26,27,2014
1135,Armenia,3,2,5,2014
1136,Australia,7,25,34,2014
1137,Austria,,8,12,2014
1138,Bahrain,1,2,3,2014
1139,Bangladesh,5,6,11,2014
1140,Belarus,1,2,4,2014
1141,Belgium,1,10,18,2014
1142,Bolivia,1,1,2,2014
1143,Bosnia-Hercegovina,1,1,2,2014
1144,Brazil,6,53,91,2014
1145,Bulgaria,7,12,19,2014
1146,Burkina Faso,,1,1,2014
1147,Burundi,1,,1,2014
1148,Cambodia,3,1,4,2014
1149,Cameroon,4,4,8,2014
1150,Canada,23,237,270,2014
1151,Chile,1,42,46,2014
1152,China,53,606,728,2014
1153,Colombia,6,24,33,2014
1154,Costa Rica,4,8,12,2014
1155,Croatia,,1,1,2014
1156,Cyprus,4,1,5,2014
1157,Czech Republic,1,2,4,2014
1158,Denmark,,3,10,2014
1159,Ecuador,3,3,6,2014
1160,Egypt,5,14,19,2014
1161,El Salvador,1,,2,2014
1162,Estonia,2,2,4,2014
1163,Ethiopia,4,2,6,2014
1164,Finland,,2,2,2014
1165,France,1,89,106,2014
1166,Georgia,3,1,4,2014
1167,Germany,1,61,103,2014
1168,Ghana,6,5,11,2014
1169,Greece,9,36,45,2014
1170,Guatemala,,1,2,2014
1171,Haiti,1,,1,2014
1172,Hong Kong,5,11,16,2014
1173,Hungary,,6,6,2014
1174,iceland,1,,1,2014
1175,India,16,279,311,2014
1176,Indonesia,6,9,16,2014
1177,Iran,1,39,46,2014
1178,Iraq,1,,1,2014
1179,Ireland,,11,13,2014
1180,Israel,3,67,72,2014
1181,Italy,3,40,63,2014
1182,Jamaica,3,1,4,2014
1183,Japan,5,63,75,2014
1184,Jordan,3,,3,2014
1185,Kazakhstan,8,3,12,2014
1186,Kenya,7,5,12,2014
1187,South Korea,28,199,234,2014
1188,Kuwait,,3,3,2014
1189,Latvia,,3,3,2014
1190,Lebanon,2,20,24,2014
1191,Lithuania,1,,2,2014
1192,Macedonia,2,1,3,2014
1193,Malaysia,5,21,29,2014
1194,Mauritius,1,3,4,2014
1195,Mexico,12,67,83,2014
1196,Moldova,3,,3,2014
1197,Mongolia,4,1,6,2014
1198,Morocco,1,4,5,2014
1199,Nepal,4,6,10,2014
1200,Netherlands,1,14,23,2014
1201,New Zealand,1,12,13,2014
1202,Nigeria,4,14,19,2014
1203,Norway,4,8,16,2014
1204,Pakistan,6,16,26,2014
1205,Panama,1,,1,2014
1206,Paraguay,1,1,3,2014
1207,Peru,1,7,8,2014
1208,Philippines,3,2,5,2014
1209,Poland,3,9,14,2014
1210,Portugal,2,4,15,2014
1211,Romania,2,13,16,2014
1212,Russia,4,41,68,2014
1213,Rwanda,2,1,3,2014
1214,Saudi Arabia,6,24,38,2014
1215,Serbia,1,9,11,2014
1216,Sierra Leone,,1,1,2014
1217,Singapore,9,85,101,2014
1218,Slovenia,,1,1,2014
1219,Somalia,1,,1,2014
1220,South Africa,2,11,14,2014
1221,Spain,1,54,75,2014
1222,Sri Lanka,,6,6,2014
1223,St. Lucia,1,1,2,2014
1224,St. Vincent & The Grenadines,1,,1,2014
1225,Sudan,,1,1,2014
1226,Sweden,2,13,18,2014
1227,Switzerland,3,16,29,2014
1228,Syria,1,3,6,2014
1229,Taiwan,9,67,80,2014
1230,Tanzania,2,,2,2014
1231,Thailand,20,44,65,2014
1232,Trinidad & Tobago,6,1,8,2014
1233,Tunisia,1,2,4,2014
1234,Turkey,7,57,69,2014
1235,Turkmenistan,1,,1,2014
1236,Uganda,3,1,4,2014
1237,Ukraine,2,7,10,2014
1238,United Arab Emirates,1,3,4,2014
1239,United Kingdom,9,43,63,2014
1240,Uruguay,,5,5,2014
1241,Venezuela,,9,10,2014
1242,Vietnam,8,9,18,2014
1243,West Bank,1,3,4,2014
1244,Zambia,3,,3,2014
1245,Zimbabwe,2,1,3,2014
1246,Afghanistan,1,0,1,2019
1247,Albania,6,0,7,2019
1248,Algeria,,2,2,2019
1249,Argentina,2,23,29,2019
1250,Armenia,1,5,7,2019
1251,Australia,5,39,45,2019
1252,Austria,,5,10,2019
1253,Bahrain,1,5,6,2019
1254,Bangladesh,6,10,16,2019
1255,Barbados,2,0,2,2019
1256,Belgium,1,6,10,2019
1257,Bosnia-Hercegovina,4,3,7,2019
1258,Botswana,,1,1,2019
1259,Brazil,10,61,83,2019
1260,Bulgaria,4,4,11,2019
1261,Burma (Myanmar),2,2,4,2019
1262,Canada,19,211,251,2019
1263,Chile,1,28,30,2019
1264,China,54,748,1023,2019
1265,Colombia,4,18,23,2019
1266,"Congo, Democratic Rep of",1,0,1,2019
1267,Costa Rica,2,6,8,2019
1268,Cuba,1,0,1,2019
1269,Cyprus,3,3,7,2019
1270,Czech Republic,,2,3,2019
1271,Denmark,,5,10,2019
1272,Dominica,1,0,1,2019
1273,Dominican Republic,,1,1,2019
1274,Ecuador,1,0,1,2019
1275,Egypt,2,19,25,2019
1276,El Salvador,6,3,10,2019
1277,Estonia,2,2,4,2019
1278,Ethiopia,4,2,6,2019
1279,Finland,1,2,4,2019
1280,France,2,108,130,2019
1281,Gabon,,1,1,2019
1282,Gaza Strip,1,0,1,2019
1283,Georgia,3,0,4,2019
1284,Germany,2,61,114,2019
1285,Ghana,1,2,3,2019
1286,Greece,3,34,40,2019
1287,Guatemala,1,1,2,2019
1288,Haiti,,0,1,2019
1289,Honduras,1,1,2,2019
1290,Hong Kong,4,16,24,2019
1291,Hungary,1,7,9,2019
1292,Iceland,,1,1,2019
1293,India,21,303,370,2019
1294,Indonesia,5,20,26,2019
1295,Iran,1,32,36,2019
1296,Iraq,1,0,1,2019
1297,Ireland,1,9,12,2019
1298,Israel,11,43,56,2019
1299,Italy,4,52,89,2019
1300,Jamaica,3,0,4,2019
1301,Japan,5,64,75,2019
1302,Jordan,4,2,7,2019
1303,Kazakhstan,3,6,9,2019
1304,Kenya,6,7,13,2019
1305,South Korea,18,175,211,2019
1306,Kosovo,1,0,2,2019
1307,Kuwait,,6,7,2019
1308,Latvia,1,0,2,2019
1309,Lebanon,1,15,19,2019
1310,Libya,,1,1,2019
1311,Lithuania,,2,3,2019
1312,Luxembourg,,0,1,2019
1313,Macau,,0,1,2019
1314,"Macedonia, North",4,1,5,2019
1315,Malaysia,4,17,26,2019
1316,Mexico,18,42,66,2019
1317,Moldova,4,1,6,2019
1318,Mongolia,6,3,9,2019
1319,Montenegro,1,0,1,2019
1320,Morocco,,8,10,2019
1321,Nepal,6,5,11,2019
1322,Netherlands,1,16,26,2019
1323,New Zealand,2,10,13,2019
1324,Nicaragua,,0,1,2019
1325,Nigeria,5,9,14,2019
1326,Norway,,11,20,2019
1327,Pakistan,4,14,20,2019
1328,Panama,1,3,4,2019
1329,Paraguay,1,2,3,2019
1330,Peru,4,16,21,2019
1331,Philippines,5,9,15,2019
1332,Poland,4,10,15,2019
1333,Portugal,1,10,16,2019
1334,Romania,3,10,15,2019
1335,Russia,2,37,46,2019
1336,Rwanda,6,0,6,2019
1337,Saudi Arabia,9,24,36,2019
1338,Serbia,1,5,6,2019
1339,Sierra Leone,1,0,1,2019
1340,Singapore,9,71,87,2019
1341,Slovakia,1,3,7,2019
1342,Slovenia,1,2,3,2019
1343,South Africa,,5,7,2019
1344,South Sudan,1,0,1,2019
1345,Spain,1,85,115,2019
1346,Sri Lanka,2,6,9,2019
1347,St. Lucia,1,1,2,2019
1348,St. Vincent & The Grenadines,2,0,2,2019
1349,Stateless,1,8,11,2019
1350,Sudan,1,0,1,2019
1351,Sweden,2,3,9,2019
1352,Switzerland,,15,26,2019
1353,Syria,6,3,9,2019
1354,Taiwan,10,67,90,2019
1355,Tajikistan,,1,1,2019
1356,Tanzania,5,1,6,2019
1357,Thailand,15,33,50,2019
1358,Trinidad & Tobago,3,0,3,2019
1359,Tunisia,1,4,5,2019
1360,Turkey,8,31,46,2019
1361,Ukraine,9,4,14,2019
1362,United Arab Emirates,,5,5,2019
1363,United Kingdom,15,57,87,2019
1364,United States of America,,0,0,2019
1365,Uruguay,1,1,2,2019
1366,Venezuela,3,3,7,2019
1367,Vietnam,10,17,27,2019
1368,Zambia,2,0,2,2019
1369,Zimbabwe,3,0,3,2019
1370,Afghanistan,1,0,1,2018
1371,Albania,5,0,6,2018
1372,Algeria,,1,1,2018
1373,Angola,,0,1,2018
1374,Argentina,2,25,28,2018
1375,Armenia,1,2,3,2018
1376,Australia,5,35,42,2018
1377,Austria,,5,11,2018
1378,Bahrain,2,0,2,2018
1379,Bangladesh,4,12,16,2018
1380,Barbados,1,0,1,2018
1381,Belarus,1,1,2,2018
1382,Belgium,2,7,12,2018
1383,Bhutan,,0,1,2018
1384,Bolivia,,1,1,2018
1385,Bosnia-Hercegovina,3,2,6,2018
1386,Botswana,,1,1,2018
1387,Brazil,8,66,91,2018
1388,Bulgaria,3,6,10,2018
1389,Burma (Myanmar),2,2,4,2018
1390,Cambodia,,1,1,2018
1391,Cameroon,,2,2,2018
1392,Canada,19,218,261,2018
1393,Chile,1,37,41,2018
1394,China,57,744,1021,2018
1395,Colombia,4,24,32,2018
1396,"Congo, Democratic Rep",1,0,1,2018
1397,Costa Rica,2,3,6,2018
1398,Cote dâ€™Ivoire,,1,1,2018
1399,Croatia,1,2,3,2018
1400,Cuba,1,0,1,2018
1401,Cyprus,3,2,5,2018
1402,Czech Republic,,1,2,2018
1403,Denmark,,6,12,2018
1404,Dominican Repub,,1,1,2018
1405,Ecuador,,1,1,2018
1406,Egypt,3,17,23,2018
1407,El Salvador,5,2,8,2018
1408,Estonia,1,2,3,2018
1409,Ethiopia,4,2,6,2018
1410,Finland,1,3,6,2018
1411,France,1,107,127,2018
1412,Gaza Strip,1,0,1,2018
1413,Georgia,2,0,2,2018
1414,Germany,3,60,117,2018
1415,Ghana,3,3,6,2018
1416,Greece,5,35,43,2018
1417,Guatemala,,1,1,2018
1418,Haiti,1,0,1,2018
1419,Honduras,1,0,1,2018
1420,Hong Kong,5,15,25,2018
1421,Hungary,1,5,9,2018
1422,Iceland,,2,2,2018
1423,India,22,309,368,2018
1424,Indonesia,5,14,19,2018
1425,Iran,4,26,32,2018
1426,Iraq,1,0,1,2018
1427,Ireland,1,6,10,2018
1428,Israel,10,47,61,2018
1429,Italy,5,52,83,2018
1430,Jamaica,2,1,4,2018
1431,Japan,4,60,81,2018
1432,Jordan,3,2,6,2018
1433,Kazakhstan,3,7,10,2018
1434,Kenya,4,6,10,2018
1435,South Korea,21,172,220,2018
1436,Kuwait,,2,3,2018
1437,Latvia,2,0,2,2018
1438,Lebanon,2,14,21,2018
1439,Libya,,1,1,2018
1440,Liechtenstein,,0,1,2018
1441,Lithuania,,0,2,2018
1442,Luxembourg,,1,1,2018
1443,Macau,,1,1,2018
1444,Macedonia,3,1,4,2018
1445,Malaysia,3,22,26,2018
1446,Mauritius,1,3,4,2018
1447,Mexico,14,38,63,2018
1448,Moldova,4,1,5,2018
1449,Mongolia,5,2,7,2018
1450,Montenegro,1,0,1,2018
1451,Morocco,2,8,11,2018
1452,Nepal,7,7,15,2018
1453,Nether,,1,1,2018
1454,Netherlands,2,14,25,2018
1455,New Zealand,2,11,15,2018
1456,Nigeria,4,8,12,2018
1457,Norway,,7,20,2018
1458,Oman,1,1,2,2018
1459,Pakistan,4,17,24,2018
1460,Panama,2,1,3,2018
1461,Paraguay,2,1,3,2018
1462,Peru,6,11,21,2018
1463,Philippines,2,11,13,2018
1464,Poland,2,12,15,2018
1465,Portugal,1,5,23,2018
1466,Qatar,,1,1,2018
1467,Romania,5,8,15,2018
1468,Russia,,37,47,2018
1469,Rwanda,5,0,5,2018
1470,Saudi Arabia,6,27,36,2018
1471,Serbia,1,6,9,2018
1472,Sierra Leone,1,0,1,2018
1473,Singapore,10,82,102,2018
1474,Slovakia,1,1,3,2018
1475,Slovenia,1,2,3,2018
1476,South Africa,1,7,12,2018
1477,Spain,,76,94,2018
1478,Sri Lanka,2,3,5,2018
1479,St. Lucia,2,0,2,2018
1480,St. Vincent & The Grenadines,2,0,2,2018
1481,Stateless,,6,7,2018
1482,Sudan,1,0,1,2018
1483,Sweden,2,4,10,2018
1484,Switzerland,1,14,26,2018
1485,Syria,5,2,7,2018
1486,Taiwan,9,67,83,2018
1487,Tajikistan,,1,1,2018
1488,Tanzania,3,0,3,2018
1489,Thailand,18,28,50,2018
1490,Trinidad & Tobago,3,1,4,2018
1491,Tunisia,1,2,4,2018
1492,Turkey,8,38,53,2018
1493,Uganda,1,0,1,2018
1494,Ukraine,9,7,19,2018
1495,United Arab Emirates,,7,7,2018
1496,United Kingdom,19,58,91,2018
1497,Uruguay,,3,3,2018
1498,Vanuatu,,1,1,2018
1499,Venezuela,3,5,8,2018
1500,Vietnam,10,17,28,2018
1501,Yemen,,0,1,2018
1502,Zambia,1,0,1,2018
1503,Zimbabwe,5,1,7,2018
1504,Algeria,0,1,1,2007
1505,Argentina,2,18,20,2007
1506,Armenia,2,0,2,2007
1507,Australia,2,28,30,2007
1508,Austria,0,15,15,2007
1509,Azerbaijan,1,1,2,2007
1510,Bahrain,2,0,2,2007
1511,Bangladesh,3,4,7,2007
1512,Belarus,0,2,2,2007
1513,Belgium,2,14,16,2007
1514,Bhutan,0,1,1,2007
1515,Bolivia,0,1,1,2007
1516,Brazil,7,45,52,2007
1517,Bulgaria,10,13,23,2007
1518,Burma (Myanmar),3,1,4,2007
1519,Cambodia,1,0,1,2007
1520,Cameroon,4,2,6,2007
1521,Canada,25,208,233,2007
1522,Chile,0,24,24,2007
1523,China,34,333,367,2007
1524,Colombia,1,22,23,2007
1525,Costa Rica,2,3,5,2007
1526,Cyprus,4,5,9,2007
1527,Czech Republic,0,4,4,2007
1528,Denmark,1,6,7,2007
1529,Dominican Republic,0,1,1,2007
1530,Ecuador,1,2,3,2007
1531,Egypt,2,8,10,2007
1532,El Salvador,0,2,2,2007
1533,Estonia,0,1,1,2007
1534,Ethiopia,1,1,2,2007
1535,Finland,2,9,11,2007
1536,France,4,94,98,2007
1537,Georgia,1,0,1,2007
1538,Germany,7,85,92,2007
1539,Ghana,8,5,13,2007
1540,Greece,3,52,55,2007
1541,Guatemala,1,0,1,2007
1542,Hong Kong,3,26,29,2007
1543,Hungary,0,3,3,2007
1544,Iceland,0,6,6,2007
1545,India,19,215,234,2007
1546,Indonesia,5,16,21,2007
1547,Iran,1,32,33,2007
1548,Ireland,2,15,17,2007
1549,Israel,4,35,39,2007
1550,Italy,3,68,71,2007
1551,Jamaica,5,2,7,2007
1552,Japan,1,79,80,2007
1553,Jordan,3,2,5,2007
1554,Kazakhstan,3,0,3,2007
1555,Kenya,12,4,16,2007
1556,South Korea,23,238,261,2007
1557,Kuwait,4,1,5,2007
1558,Kyrgyzstan,1,1,2,2007
1559,Latvia,0,2,2,2007
1560,Lebanon,3,19,22,2007
1561,Lithuania,1,0,1,2007
1562,Macau,0,1,1,2007
1563,Macedonia,1,3,4,2007
1564,Madagascar,1,0,1,2007
1565,Malaysia,8,21,29,2007
1566,Mauritania,0,1,1,2007
1567,Mauritius,3,1,4,2007
1568,Mexico,4,57,61,2007
1569,Moldova,3,3,6,2007
1570,Mongolia,2,0,2,2007
1571,Montenegro,0,1,1,2007
1572,Morocco,2,1,3,2007
1573,Nepal,4,2,6,2007
1574,Netherlands,0,11,11,2007
1575,New Zealand,1,7,8,2007
1576,Nicaragua,0,1,1,2007
1577,Niger,1,0,1,2007
1578,Nigeria,3,7,10,2007
1579,Norway,2,6,8,2007
1580,Pakistan,7,26,33,2007
1581,Panama,2,1,3,2007
1582,Peru,2,3,5,2007
1583,Philippines,3,12,15,2007
1584,Poland,6,10,16,2007
1585,Portugal,2,22,24,2007
1586,Romania,8,21,29,2007
1587,Russia,1,23,24,2007
1588,Rwanda,1,0,1,2007
1589,Saudi Arabia,3,8,11,2007
1590,Serbia,2,11,13,2007
1591,Sierra Leone,0,1,1,2007
1592,Singapore,6,80,86,2007
1593,Slovakia,2,4,6,2007
1594,Slovenia,0,3,3,2007
1595,South Africa,2,4,6,2007
1596,Spain,3,58,61,2007
1597,Sri Lanka,3,4,7,2007
1598,Sweden,3,7,10,2007
1599,Switzerland,0,18,18,2007
1600,Syria,2,1,3,2007
1601,Taiwan,8,79,87,2007
1602,Tanzania,2,1,3,2007
1603,Thailand,8,52,60,2007
1604,Togo,0,1,1,2007
1605,Trinidad & Tobago,5,1,6,2007
1606,Turkey,7,57,64,2007
1607,Turkmenistan,1,0,1,2007
1608,Uganda,3,1,4,2007
1609,Ukraine,3,4,7,2007
1610,United Kingdom,26,32,58,2007
1611,Uruguay,0,3,3,2007
1612,Venezuela,1,13,14,2007
1613,Vietnam,4,20,24,2007
1614,West Bank,2,0,2,2007
1615,Zimbabwe,2,4,6,2007
1616,Albania,2,1,3,2015
1617,Argentina,,26,26,2015
1618,Armenia,4,2,6,2015
1619,Australia,7,28,38,2015
1620,Austria,,5,11,2015
1621,Azerbaijan,,1,1,2015
1622,Bahrain,2,,2,2015
1623,Bangladesh,6,10,16,2015
1624,Barbados,1,,1,2015
1625,Belarus,1,1,3,2015
1626,Belgium,1,6,9,2015
1627,Bolivia,1,,1,2015
1628,Bosnia-Hercegovina,1,2,3,2015
1629,Brazil,9,67,109,2015
1630,Bulgaria,5,10,15,2015
1631,Burkina Faso,,1,1,2015
1632,Burma (Myanmar),,1,1,2015
1633,Burundi,1,,1,2015
1634,Cambodia,2,2,4,2015
1635,Cameroon,2,2,4,2015
1636,Canada,24,235,273,2015
1637,Chile,1,34,39,2015
1638,China,52,626,770,2015
1639,Colombia,6,24,33,2015
1640,Costa Rica,4,9,14,2015
1641,Cote dâ€™Ivoire,1,1,2,2015
1642,Croatia,1,1,2,2015
1643,Cyprus,2,2,4,2015
1644,Czech Republic,,2,4,2015
1645,Denmark,,6,8,2015
1646,Ecuador,3,2,6,2015
1647,Egypt,4,18,24,2015
1648,El Salvador,2,1,3,2015
1649,Estonia,2,3,5,2015
1650,Ethiopia,4,1,6,2015
1651,Finland,,4,6,2015
1652,France,1,90,114,2015
1653,Georgia,3,3,6,2015
1654,Germany,2,67,105,2015
1655,Ghana,5,2,7,2015
1656,Greece,9,39,50,2015
1657,Guatemala,,1,1,2015
1658,Haiti,2,,2,2015
1659,Hong Kong,4,7,11,2015
1660,Hungary,,7,7,2015
1661,iceland,1,,3,2015
1662,India,18,301,355,2015
1663,Indonesia,6,9,15,2015
1664,Iran,3,37,43,2015
1665,Iraq,1,,1,2015
1666,Ireland,,9,9,2015
1667,Israel,3,66,73,2015
1668,Italy,5,44,74,2015
1669,Jamaica,2,1,3,2015
1670,Japan,5,59,71,2015
1671,Jordan,2,2,5,2015
1672,Kazakhstan,7,10,17,2015
1673,Kenya,6,1,7,2015
1674,South Korea,24,184,217,2015
1675,Kuwait,,2,3,2015
1676,Kyrgyzstan,,,1,2015
1677,Latvia,,3,4,2015
1678,Lebanon,4,24,31,2015
1679,Lithuania,1,,3,2015
1680,Macedonia,2,1,3,2015
1681,Malaysia,4,20,26,2015
1682,Mauritius,2,3,5,2015
1683,Mexico,10,64,85,2015
1684,Moldova,4,,4,2015
1685,Monaco,,1,1,2015
1686,Mongolia,5,1,6,2015
1687,Morocco,3,4,7,2015
1688,Nepal,5,5,10,2015
1689,Netherlands,2,17,29,2015
1690,New Zealand,2,13,16,2015
1691,Nigeria,2,13,18,2015
1692,Norway,2,8,16,2015
1693,Oman,1,,1,2015
1694,Pakistan,5,20,32,2015
1695,Panama,2,,2,2015
1696,Paraguay,1,1,3,2015
1697,Peru,3,9,13,2015
1698,Philippines,3,,3,2015
1699,Poland,3,13,20,2015
1700,Portugal,1,8,19,2015
1701,Qatar,,1,1,2015
1702,Romania,4,15,21,2015
1703,Russia,3,33,79,2015
1704,Rwanda,1,2,3,2015
1705,Saudi Arabia,7,28,46,2015
1706,Serbia,,6,8,2015
1707,Sierra Leone,,1,1,2015
1708,Singapore,9,87,102,2015
1709,Slovakia,,,1,2015
1710,Slovenia,,1,2,2015
1711,Somalia,1,,1,2015
1712,South Africa,1,11,18,2015
1713,Spain,1,52,72,2015
1714,Sri Lanka,2,5,7,2015
1715,St. Lucia,2,1,3,2015
1716,Stateless,1,,1,2015
1717,Sudan,,1,2,2015
1718,Sweden,2,10,14,2015
1719,Switzerland,4,20,34,2015
1720,Syria,,4,6,2015
1721,Taiwan,8,69,82,2015
1722,Tajikistan,,1,1,2015
1723,Thailand,20,43,68,2015
1724,Trinidad & Tobago,5,1,6,2015
1725,Tunisia,2,3,5,2015
1726,Turkey,10,59,76,2015
1727,Turkmenistan,1,,1,2015
1728,Uganda,1,1,3,2015
1729,Ukraine,4,8,13,2015
1730,United Arab Emirates,1,2,10,2015
1731,United Kingdom,12,52,87,2015
1732,Uruguay,,3,3,2015
1733,Venezuela,,7,7,2015
1734,Vietnam,6,11,20,2015
1735,West Bank,1,2,3,2015
1736,Zambia,1,,1,2015
1737,Zimbabwe,3,1,4,2015
1738,Afghanistan,1,,1,2016
1739,Albania,3,,4,2016
1740,Algeria,,1,1,2016
1741,Argentina,1,28,30,2016
1742,Armenia,3,4,7,2016
1743,Australia,4,31,37,2016
1744,Austria,,9,12,2016
1745,Azerbaijan,,2,2,2016
1746,Bahrain,2,1,3,2016
1747,Bangladesh,7,9,17,2016
1748,Barbados,1,,1,2016
1749,Belarus,1,1,2,2016
1750,Belgium,2,8,14,2016
1751,Bolivia,1,,1,2016
1752,Bosnia-Hercegovina,3,2,5,2016
1753,Brazil,8,67,83,2016
1754,Bulgaria,3,8,11,2016
1755,Burma (Myanmar),1,1,2,2016
1756,Burundi,1,,1,2016
1757,Cambodia,2,2,4,2016
1758,Cameroon,1,1,2,2016
1759,Canada,26,238,282,2016
1760,Chile,1,29,36,2016
1761,China,51,688,888,2016
1762,Colombia,4,24,30,2016
1763,"Congo, Democratic Rep of",1,,1,2016
1764,Costa Rica,2,6,8,2016
1765,Cote dâ€™Ivoire,1,,1,2016
1766,Croatia,1,,2,2016
1767,Cyprus,2,2,4,2016
1768,Czech Republic,,1,2,2016
1769,Denmark,,7,14,2016
1770,Ecuador,2,4,7,2016
1771,Egypt,4,17,25,2016
1772,El Salvador,3,1,4,2016
1773,Estonia,1,1,2,2016
1774,Ethiopia,2,3,5,2016
1775,Finland,,4,6,2016
1776,France,1,106,125,2016
1777,Gambia,,1,1,2016
1778,Georgia,3,2,6,2016
1779,Germany,3,61,108,2016
1780,Ghana,5,1,7,2016
1781,Greece,6,45,55,2016
1782,Guatemala,,1,1,2016
1783,Haiti,2,1,3,2016
1784,Honduras,,1,1,2016
1785,Hong Kong,3,5,10,2016
1786,Hungary,1,6,7,2016
1787,iceland,1,,2,2016
1788,India,18,302,350,2016
1789,Indonesia,4,10,15,2016
1790,Iran,5,33,43,2016
1791,Iraq,1,,1,2016
1792,Ireland,1,8,16,2016
1793,Israel,6,60,69,2016
1794,Italy,5,40,70,2016
1795,Jamaica,1,1,2,2016
1796,Japan,7,54,70,2016
1797,Jordan,2,3,5,2016
1798,Kazakhstan,3,11,14,2016
1799,Kenya,5,2,7,2016
1800,South Korea,22,188,228,2016
1801,Kuwait,,2,2,2016
1802,Kyrgyzstan,1,,2,2016
1803,Latvia,1,2,3,2016
1804,Lebanon,4,19,24,2016
1805,Lithuania,1,,1,2016
1806,Macedonia,2,1,3,2016
1807,Malaysia,3,22,27,2016
1808,Mauritius,2,3,5,2016
1809,Mexico,10,46,67,2016
1810,Moldova,2,,2,2016
1811,Mongolia,4,1,5,2016
1812,Morocco,3,9,12,2016
1813,Nepal,7,3,11,2016
1814,Netherlands,2,17,27,2016
1815,New Zealand,2,12,14,2016
1816,Nicaragua,,1,1,2016
1817,Nigeria,2,11,13,2016
1818,Norway,,7,16,2016
1819,Oman,1,,1,2016
1820,Pakistan,4,25,31,2016
1821,Panama,3,,3,2016
1822,Paraguay,1,,2,2016
1823,Peru,3,9,12,2016
1824,Philippines,3,3,6,2016
1825,Poland,3,12,18,2016
1826,Portugal,,3,5,2016
1827,Qatar,,1,1,2016
1828,Romania,5,11,18,2016
1829,Russia,2,29,39,2016
1830,Rwanda,2,4,6,2016
1831,Saudi Arabia,5,26,33,2016
1832,Senegal,,1,1,2016
1833,Serbia,1,5,7,2016
1834,Singapore,8,89,99,2016
1835,Slovakia,1,,1,2016
1836,Slovenia,,1,1,2016
1837,Somalia,1,,1,2016
1838,South Africa,2,10,15,2016
1839,Spain,1,54,78,2016
1840,Sri Lanka,2,4,6,2016
1841,St. Lucia,1,,1,2016
1842,St. Vincent & The Grenadines,1,,1,2016
1843,Stateless / Unknown,,5,7,2016
1844,Sudan,,2,2,2016
1845,Sweden,1,9,13,2016
1846,Switzerland,2,17,30,2016
1847,Syria,2,3,5,2016
1848,Taiwan,9,67,82,2016
1849,Tajikistan,,2,2,2016
1850,Tanzania,1,,1,2016
1851,Thailand,16,42,61,2016
1852,Trinidad & Tobago,5,,5,2016
1853,Tunisia,2,3,5,2016
1854,Turkey,11,46,61,2016
1855,Turkmenistan,1,,1,2016
1856,Uganda,1,1,2,2016
1857,Ukraine,5,8,13,2016
1858,United Arab Emirates,1,3,4,2016
1859,United Kingdom,14,54,87,2016
1860,Uruguay,,5,5,2016
1861,Venezuela,,7,7,2016
1862,Vietnam,6,13,22,2016
1863,West Bank,1,,2,2016
1864,Yemen,,,1,2016
1865,Zambia,,1,1,2016
1866,Zimbabwe,4,,4,2016
1867,Afghanistan,1,0,1,2017
1868,Albania,4,0,4,2017
1869,Algeria,,1,1,2017
1870,Argentina,2,30,35,2017
1871,Armenia,2,1,4,2017
1872,Australia,5,33,43,2017
1873,Austria,,10,15,2017
1874,Azerbaijan,,3,3,2017
1875,Bahrain,2,1,3,2017
1876,Bangladesh,5,12,17,2017
1877,Barbados,1,0,1,2017
1878,Belarus,1,1,2,2017
1879,Belgium,2,7,13,2017
1880,Bolivia,1,3,4,2017
1881,Bosnia-Hercegovina,3,2,5,2017
1882,Botswana,,1,1,2017
1883,Brazil,8,62,82,2017
1884,Bulgaria,5,7,12,2017
1885,Burma (Myanmar),1,2,4,2017
1886,Cambodia,1,1,2,2017
1887,Cameroon,,1,1,2017
1888,Canada,22,239,277,2017
1889,Chile,2,35,40,2017
1890,China,57,708,947,2017
1891,Colombia,3,25,30,2017
1892,"Congo, Democratic Rep of",1,0,1,2017
1893,Costa Rica,2,7,9,2017
1894,Croatia,1,2,4,2017
1895,Cuba,1,0,1,2017
1896,Cyprus,3,3,8,2017
1897,Czech Republic,,1,3,2017
1898,Denmark,,7,12,2017
1899,Ecuador,,3,6,2017
1900,Egypt,2,17,22,2017
1901,El Salvador,3,1,4,2017
1902,Estonia,1,0,2,2017
1903,Ethiopia,4,2,6,2017
1904,Finland,1,3,6,2017
1905,France,2,103,123,2017
1906,Georgia,4,0,4,2017
1907,Germany,2,56,115,2017
1908,Ghana,5,3,8,2017
1909,Greece,6,36,46,2017
1910,Guatemala,,1,2,2017
1911,Haiti,2,1,3,2017
1912,Honduras,,1,1,2017
1913,Hong Kong,5,12,25,2017
1914,Hungary,1,5,8,2017
1915,Iceland,,3,3,2017
1916,India,20,305,368,2017
1917,Indonesia,5,15,22,2017
1918,Iran,6,34,46,2017
1919,Iraq,1,1,2,2017
1920,Ireland,1,5,8,2017
1921,Israel,6,60,71,2017
1922,Italy,5,34,62,2017
1923,Jamaica,2,1,3,2017
1924,Japan,5,56,75,2017
1925,Jordan,3,2,5,2017
1926,Kazakhstan,1,8,9,2017
1927,Kenya,6,4,10,2017
1928,South Korea,21,182,226,2017
1929,Kuwait,,2,2,2017
1930,Kyrgyzstan,1,0,1,2017
1931,Latvia,1,1,2,2017
1932,Lebanon,3,14,20,2017
1933,Lithuania,,0,1,2017
1934,Macau,,1,1,2017
1935,Macedonia,3,1,4,2017
1936,Malaysia,4,18,25,2017
1937,Mauritius,1,3,4,2017
1938,Mexico,13,41,61,2017
1939,Moldova,3,1,4,2017
1940,Monaco,,0,1,2017
1941,Mongolia,5,3,8,2017
1942,Montenegro,1,0,1,2017
1943,Morocco,3,5,8,2017
1944,Nepal,7,4,11,2017
1945,Netherlands,3,14,24,2017
1946,New Zealand,2,11,14,2017
1947,Nicaragua,,1,1,2017
1948,Nigeria,2,8,10,2017
1949,Norway,,7,14,2017
1950,Oman,1,1,2,2017
1951,Pakistan,4,26,30,2017
1952,Panama,3,1,4,2017
1953,Paraguay,2,0,2,2017
1954,Peru,4,12,16,2017
1955,Philippines,3,9,12,2017
1956,Poland,3,12,18,2017
1957,Portugal,1,3,21,2017
1958,Qatar,,1,1,2017
1959,Romania,5,11,18,2017
1960,Russia,1,37,44,2017
1961,Rwanda,3,2,5,2017
1962,Saudi Arabia,7,25,32,2017
1963,Senegal,,1,1,2017
1964,Serbia,1,6,9,2017
1965,Sierra Leone,1,0,1,2017
1966,Singapore,10,85,102,2017
1967,Slovakia,1,0,1,2017
1968,Slovenia,,1,1,2017
1969,South Africa,2,9,14,2017
1970,South Sudan,1,0,1,2017
1971,Spain,,60,80,2017
1972,Sri Lanka,3,4,7,2017
1973,St. Lucia,2,0,2,2017
1974,St. Vincent & The Grenadines,1,0,1,2017
1975,Stateless/Unknown,,5,6,2017
1976,Sudan,1,0,1,2017
1977,Sweden,2,8,12,2017
1978,Switzerland,1,9,21,2017
1979,Syria,5,2,7,2017
1980,Taiwan,11,59,76,2017
1981,Tajikistan,,1,1,2017
1982,Tanzania,3,0,3,2017
1983,Thailand,21,35,62,2017
1984,Trinidad & Tobago,5,2,7,2017
1985,Tunisia,1,3,6,2017
1986,Turkey,10,42,60,2017
1987,Turkmenistan,1,0,1,2017
1988,Uganda,1,1,2,2017
1989,Ukraine,7,10,18,2017
1990,United Arab Emirates,,4,6,2017
1991,United Kingdom,18,55,81,2017
1992,United States of America,,0,1,2017
1993,Uruguay,,8,9,2017
1994,Vanuatu,,1,1,2017
1995,Venezuela,2,3,7,2017
1996,Vietnam,8,17,26,2017
1997,West Bank,1,0,1,2017
1998,Zambia,1,1,2,2017
1999,Zimbabwe,4,2,6,2017
2000,Afghanistan,,1,2,2021
2001,Albania,4,2,7,2021
2002,Algeria,1,1,2,2021
2003,Argentina,2,16,20,2021
2004,Armenia,1,5,6,2021
2005,Australia,4,41,47,2021
2006,Austria,1,5,9,2021
2007,Azerbaijan,1,2,3,2021
2008,Bahrain,,5,5,2021
2009,Bangladesh,6,12,18,2021
2010,Barbados,1,,1,2021
2011,Belarus,,1,1,2021
2012,Belgium,,7,9,2021
2013,Bermuda,1,,1,2021
2014,Bolivia,,1,1,2021
2015,Bosnia-Hercegovina,2,2,4,2021
2016,Botswana,,1,1,2021
2017,Brazil,14,59,77,2021
2018,Bulgaria,3,6,9,2021
2019,Burkina Faso,2,1,3,2021
2020,Burma (Myanmar),2,1,3,2021
2021,Canada,13,213,235,2021
2022,Chile,,36,39,2021
2023,China,62,810,971,2021
2024,Colombia,3,30,38,2021
2025,"Congo, Democratic Rep of",,1,1,2021
2026,Costa Rica,1,6,7,2021
2027,Croatia,1,,1,2021
2028,Cyprus,4,6,10,2021
2029,Czech Republic,,3,5,2021
2030,Denmark,1,9,12,2021
2031,Dominica,1,,1,2021
2032,Dominican Republic,,3,3,2021
2033,Ecuador,,5,6,2021
2034,Egypt,2,20,23,2021
2035,El Salvador,7,,7,2021
2036,Estonia,2,2,4,2021
2037,Ethiopia,6,3,9,2021
2038,Finland,1,2,3,2021
2039,France,,88,97,2021
2040,Gambia,,1,1,2021
2041,Gaza Strip,1,,1,2021
2042,Georgia,6,,6,2021
2043,Germany,3,60,73,2021
2044,Ghana,5,1,6,2021
2045,Greece,2,43,47,2021
2046,Guatemala,1,3,4,2021
2047,Guyana,1,,1,2021
2048,Haiti,1,1,2,2021
2049,Honduras,1,,1,2021
2050,Hong Kong,3,22,26,2021
2051,Hungary,1,4,5,2021
2052,India,26,291,340,2021
2053,Indonesia,4,24,29,2021
2054,Iran,2,31,35,2021
2055,Iraq,2,,2,2021
2056,Ireland,1,7,8,2021
2057,Israel,13,38,55,2021
2058,Italy,,59,66,2021
2059,Jamaica,3,,4,2021
2060,Japan,5,65,77,2021
2061,Jordan,2,3,6,2021
2062,Kazakhstan,5,6,11,2021
2063,Kenya,11,1,12,2021
2064,South Korea,13,177,201,2021
2065,Kosovo,2,,2,2021
2066,Kuwait,,2,2,2021
2067,Latvia,1,1,3,2021
2068,Lebanon,1,14,16,2021
2069,Libya,,,1,2021
2070,Macau,,1,1,2021
2071,"Macedonia, North",2,3,5,2021
2072,Malaysia,5,10,16,2021
2073,Mauritius,,1,1,2021
2074,Mexico,15,55,75,2021
2075,Moldova,3,1,4,2021
2076,Mongolia,7,1,8,2021
2077,Montenegro,1,1,2,2021
2078,Morocco,,11,11,2021
2079,Mozambique,,1,1,2021
2080,Namibia,,1,1,2021
2081,Nepal,6,3,9,2021
2082,Netherlands,1,7,10,2021
2083,New Zealand,1,11,12,2021
2084,Nicaragua,1,,1,2021
2085,Nigeria,5,14,21,2021
2086,Norway,,4,11,2021
2087,Pakistan,6,21,28,2021
2088,Panama,1,3,4,2021
2089,Paraguay,1,1,2,2021
2090,Peru,2,16,22,2021
2091,Philippines,5,7,13,2021
2092,Poland,2,9,11,2021
2093,Portugal,,4,22,2021
2094,Romania,6,8,14,2021
2095,Russia,5,27,36,2021
2096,Rwanda,7,1,8,2021
2097,Saudi Arabia,12,34,47,2021
2098,Senegal,,2,2,2021
2099,Serbia,2,4,7,2021
2100,Sierra Leone,,1,1,2021
2101,Singapore,4,76,81,2021
2102,Slovakia,,3,3,2021
2103,Slovenia,1,1,2,2021
2104,Somalia,,1,1,2021
2105,South Africa,1,9,10,2021
2106,South Sudan,1,,1,2021
2107,Spain,2,73,77,2021
2108,Sri Lanka,2,4,6,2021
2109,St. Lucia,1,1,2,2021
2110,St. Vincent & The Grenadines,3,,3,2021
2111,Stateless,1,3,4,2021
2112,Sudan,1,1,2,2021
2113,Swaziland,,1,1,2021
2114,Sweden,1,9,10,2021
2115,Switzerland,1,13,20,2021
2116,Syria,4,2,6,2021
2117,Taiwan,7,64,78,2021
2118,Tajikistan,2,1,3,2021
2119,Tanzania,3,1,4,2021
2120,Thailand,19,35,57,2021
2121,Trinidad & Tobago,3,,3,2021
2122,Tunisia,2,2,4,2021
2123,Turkey,8,26,39,2021
2124,Uganda,1,,1,2021
2125,Ukraine,10,7,17,2021
2126,United Arab Emirates,,4,4,2021
2127,United Kingdom,10,56,74,2021
2128,Uruguay,1,4,5,2021
2129,Venezuela,5,7,13,2021
2130,Vietnam,11,17,30,2021
2131,Zambia,1,,1,2021
2132,Zimbabwe,5,1,6,2021
2133,Afghanistan,0,2,2,2022
2134,Albania,3,2,5,2022
2135,Algeria,1,2,3,2022
2136,Angola,0,1,1,2022
2137,Argentina,2,15,18,2022
2138,Armenia,2,4,6,2022
2139,Australia,7,37,49,2022
2140,Austria,2,3,10,2022
2141,Azerbaijan,2,2,4,2022
2142,Bahrain,0,4,4,2022
2143,Bangladesh,8,14,24,2022
2144,Barbados,1,0,1,2022
2145,Belarus,0,1,1,2022
2146,Belgium,0,16,25,2022
2147,Bermuda,1,0,1,2022
2148,Bolivia,0,1,3,2022
2149,Bosnia-Hercegovina,3,1,4,2022
2150,Botswana,0,1,1,2022
2151,Brazil,19,64,91,2022
2152,Bulgaria,3,8,13,2022
2153,Burkina Faso,2,1,3,2022
2154,Burma (Myanmar),2,2,4,2022
2155,Burundi,0,1,1,2022
2156,Cambodia,1,0,1,2022
2157,Cameroon,0,1,1,2022
2158,Canada,13,211,243,2022
2159,Chile,0,36,37,2022
2160,China,69,776,1033,2022
2161,Colombia,3,22,27,2022
2162,"Congo, Democratic Rep of",1,0,1,2022
2163,Costa Rica,1,5,6,2022
2164,Croatia,1,1,2,2022
2165,Cyprus,3,5,8,2022
2166,Czech Republic,0,3,3,2022
2167,Denmark,1,6,9,2022
2168,Dominica,1,0,1,2022
2169,Dominican Republic,0,1,1,2022
2170,Ecuador,2,6,10,2022
2171,Egypt,2,21,24,2022
2172,El Salvador,6,1,7,2022
2173,Estonia,3,2,5,2022
2174,Ethiopia,7,1,8,2022
2175,Finland,1,0,1,2022
2176,France,0,88,114,2022
2177,Gaza Strip,3,1,4,2022
2178,Georgia,8,1,10,2022
2179,Germany,1,61,110,2022
2180,Ghana,6,4,10,2022
2181,Greece,2,40,47,2022
2182,Grenada,2,0,2,2022
2183,Guatemala,1,5,6,2022
2184,Guyana,1,0,1,2022
2185,Haiti,1,0,2,2022
2186,Honduras,2,1,4,2022
2187,Hong Kong,2,28,34,2022
2188,Hungary,1,4,5,2022
2189,India,23,296,362,2022
2190,Indonesia,3,27,38,2022
2191,Iran,4,22,28,2022
2192,Iraq,1,0,1,2022
2193,Ireland,1,8,13,2022
2194,Israel,12,35,53,2022
2195,Italy,2,56,82,2022
2196,Jamaica,3,1,4,2022
2197,Japan,5,70,84,2022
2198,Jordan,2,2,4,2022
2199,Kazakhstan,4,4,8,2022
2200,Kenya,12,6,19,2022
2201,South Korea,11,193,232,2022
2202,Kosovo,2,0,2,2022
2203,Kuwait,0,2,2,2022
2204,Kyrgyzstan,0,1,1,2022
2205,Latvia,1,1,2,2022
2206,Lebanon,1,20,24,2022
2207,Lithuania,0,1,1,2022
2208,Luxembourg,0,0,1,2022
2209,Macau,0,2,2,2022
2210,Macedonia,2,2,4,2022
2211,Malaysia,4,14,19,2022
2212,Mexico,15,56,80,2022
2213,Moldova,3,2,5,2022
2214,Mongolia,6,1,9,2022
2215,Montenegro,2,1,3,2022
2216,Morocco,0,9,12,2022
2217,Namibia,0,1,1,2022
2218,Nepal,7,7,14,2022
2219,Netherlands,0,6,12,2022
2220,New Zealand,1,13,15,2022
2221,Nicaragua,1,0,1,2022
2222,Nigeria,3,20,26,2022
2223,Norway,0,7,16,2022
2224,Oman,1,0,1,2022
2225,Pakistan,4,19,27,2022
2226,Panama,1,2,3,2022
2227,Paraguay,2,0,2,2022
2228,Peru,1,20,23,2022
2229,Philippines,6,8,14,2022
2230,Poland,3,10,15,2022
2231,Portugal,1,5,11,2022
2232,Romania,6,11,22,2022
2233,Russia,6,32,44,2022
2234,Rwanda,6,0,6,2022
2235,Saudi Arabia,16,36,55,2022
2236,Senegal,0,2,3,2022
2237,Serbia,4,6,11,2022
2238,Sierra Leone,0,1,1,2022
2239,Singapore,9,62,79,2022
2240,Slovakia,0,4,5,2022
2241,Slovenia,1,1,2,2022
2242,South Africa,1,8,16,2022
2243,South Sudan,1,0,1,2022
2244,Spain,2,60,84,2022
2245,Sri Lanka,2,4,6,2022
2246,St. Lucia,1,2,3,2022
2247,St. Vincent & The Grenadines,3,1,4,2022
2248,Stateless,0,3,3,2022
2249,Sudan,1,0,1,2022
2250,Sweden,0,8,10,2022
2251,Switzerland,1,18,34,2022
2252,Syria,6,1,7,2022
2253,Taiwan,6,66,87,2022
2254,Tajikistan,1,0,1,2022
2255,Tanzania,3,1,4,2022
2256,Thailand,23,42,72,2022
2257,Trinidad & Tobago,2,0,2,2022
2258,Tunisia,2,1,4,2022
2259,Turkey,8,36,55,2022
2260,Turkmenistan,2,0,2,2022
2261,Uganda,2,1,3,2022
2262,Ukraine,13,7,21,2022
2263,United Arab Emirates,0,3,3,2022
2264,United Kingdom,12,43,72,2022
2265,Unknown,0,0,2,2022
2266,Uruguay,0,3,3,2022
2267,Venezuela,5,7,15,2022
2268,Vietnam,9,17,30,2022
2269,Zambia,1,0,1,2022
2270,Zimbabwe,5,2,7,2022
2271,Afghanistan,1,3,4,2023
2272,Albania,2,1,3,2023
2273,Algeria,2,1,3,2023
2274,Argentina,2,22,26,2023
2275,Armenia,2,6,8,2023
2276,Australia,7,40,56,2023
2277,Austria,2,6,17,2023
2278,Azerbaijan,4,2,7,2023
2279,Bahrain,,2,3,2023
2280,Bangladesh,5,18,24,2023
2281,Barbados,,1,1,2023
2282,Belgium,,20,24,2023
2283,Bermuda,1,0,1,2023
2284,Bolivia,1,0,1,2023
2285,Bosnia-Hercegovina,2,2,4,2023
2286,Brazil,17,57,86,2023
2287,Bulgaria,3,5,8,2023
2288,Burkina Faso,2,1,3,2023
2289,Burma (Myanmar),2,3,5,2023
2290,Burundi,,1,1,2023
2291,Cambodia,1,0,1,2023
2292,Cameroon,,1,1,2023
2293,Canada,14,209,243,2023
2294,Chile,,35,36,2023
2295,China,68,760,1023,2023
2296,Colombia,2,24,29,2023
2297,"Congo, Democratic Rep of",1,1,2,2023
2298,Costa Rica,2,4,6,2023
2299,Cote dâ€™Ivoire,,2,2,2023
2300,Croatia,2,0,2,2023
2301,Cyprus,2,4,7,2023
2302,Czech Republic,,4,7,2023
2303,Denmark,2,8,15,2023
2304,Dominican Republic,4,1,5,2023
2305,Ecuador,2,7,9,2023
2306,Egypt,2,17,20,2023
2307,El Salvador,7,1,8,2023
2308,Estonia,2,1,3,2023
2309,Ethiopia,6,3,10,2023
2310,Finland,1,0,3,2023
2311,France,,94,111,2023
2312,Gaza Strip,3,0,3,2023
2313,Georgia,8,1,9,2023
2314,Germany,,64,128,2023
2315,Ghana,6,7,13,2023
2316,Greece,3,38,46,2023
2317,Grenada,1,0,1,2023
2318,Guatemala,,1,1,2023
2319,Guyana,1,0,1,2023
2320,Haiti,1,0,1,2023
2321,Honduras,2,1,3,2023
2322,Hong Kong,3,27,32,2023
2323,Hungary,2,6,8,2023
2324,Iceland,,2,2,2023
2325,India,23,272,346,2023
2326,Indonesia,5,29,38,2023
2327,Iran,5,25,36,2023
2328,Iraq,2,0,2,2023
2329,Ireland,1,10,12,2023
2330,Isle of Man,,1,1,2023
2331,Israel,8,37,45,2023
2332,Italy,2,62,90,2023
2333,Jamaica,4,2,6,2023
2334,Japan,3,62,77,2023
2335,Jordan,1,3,5,2023
2336,Kazakhstan,6,5,12,2023
2337,Kenya,10,2,12,2023
2338,South Korea,8,212,245,2023
2339,Kosovo,1,0,1,2023
2340,Kuwait,,1,3,2023
2341,Kyrgyzstan,1,0,1,2023
2342,Latvia,1,1,2,2023
2343,Lebanon,1,16,17,2023
2344,Liechtenstein,,0,1,2023
2345,Lithuania,,2,3,2023
2346,Luxembourg,,3,3,2023
2347,Macau,1,3,4,2023
2348,"Macedonia, North",1,1,2,2023
2349,Malawi,,1,1,2023
2350,Malaysia,4,18,24,2023
2351,Mauritius,,1,1,2023
2352,Mexico,13,67,90,2023
2353,Moldova,1,1,2,2023
2354,Mongolia,6,2,9,2023
2355,Montenegro,2,1,3,2023
2356,Morocco,,11,14,2023
2357,Namibia,,1,1,2023
2358,Nepal,5,12,19,2023
2359,Netherlands,,7,13,2023
2360,New Zealand,1,11,14,2023
2361,Nicaragua,1,1,2,2023
2362,Nigeria,4,19,24,2023
2363,Norway,,10,21,2023
2364,Oman,2,0,2,2023
2365,Pakistan,4,17,25,2023
2366,Panama,1,2,3,2023
2367,Paraguay,3,0,3,2023
2368,Peru,1,12,16,2023
2369,Philippines,3,12,16,2023
2370,Poland,2,11,18,2023
2371,Portugal,2,9,12,2023
2372,Romania,8,13,21,2023
2373,Russia,5,36,47,2023
2374,Rwanda,6,0,6,2023
2375,Saint Kitts and Nevis,,1,1,2023
2376,Saudi Arabia,16,32,50,2023
2377,Senegal,,1,1,2023
2378,Serbia,5,5,10,2023
2379,Singapore,11,63,80,2023
2380,Slovakia,,1,2,2023
2381,Slovenia,2,0,2,2023
2382,South Africa,1,7,14,2023
2383,Spain,1,54,81,2023
2384,Sri Lanka,2,4,6,2023
2385,St. Lucia,1,2,3,2023
2386,St. Vincent & The Grenadines,3,1,4,2023
2387,Sudan,1,3,4,2023
2388,Sweden,,5,8,2023
2389,Switzerland,1,23,47,2023
2390,Syria,5,3,8,2023
2391,Taiwan,4,65,78,2023
2392,Tajikistan,1,0,1,2023
2393,Tanzania,2,3,5,2023
2394,Thailand,24,41,67,2023
2395,Trinidad & Tobago,1,0,1,2023
2396,Tunisia,2,5,8,2023
2397,Turkey,7,36,50,2023
2398,Turkmenistan,3,0,3,2023
2399,Uganda,2,2,4,2023
2400,Ukraine,12,10,22,2023
2401,United Arab Emirates,1,1,2,2023
2402,United Kingdom,11,40,62,2023
2403,Unknown,,4,8,2023
2404,Uruguay,,1,1,2023
2405,Venezuela,7,7,15,2023
2406,Vietnam,7,16,24,2023
2407,West Bank,1,0,1,2023
2408,Yemen,,0,1,2023
2409,Zimbabwe,6,3,9,2023
2410,Algeria,1,0,1,1998
2411,Argentina,2,33,36,1998
2412,Australia,0,20,20,1998
2413,Austria,1,15,17,1998
2414,Bahamas,2,0,2,1998
2415,Bangladesh,4,6,10,1998
2416,Barbados,2,1,3,1998
2417,Belgium,0,10,10,1998
2418,Bolivia,2,3,5,1998
2419,Bosnia-Hercegovina,2,0,2,1998
2420,Brazil,3,54,61,1998
2421,Bulgaria,13,10,23,1998
2422,Burma (Myanmar),1,0,1,1998
2423,Cameroon,0,2,2,1998
2424,Canada,28,163,193,1998
2425,Chile,1,24,25,1998
2426,China,3,233,238,1998
2427,Colombia,7,12,20,1998
2428,Costa Rica,1,4,5,1998
2429,Croatia,2,3,5,1998
2430,Cyprus,7,11,18,1998
2431,Czech Republic,2,4,6,1998
2432,Denmark,1,6,7,1998
2433,Dominica,1,0,1,1998
2434,Dominican Republic,1,3,4,1998
2435,Ecuador,1,0,1,1998
2436,Egypt,1,6,7,1998
2437,El Salvador,1,1,2,1998
2438,Ethiopia,2,0,2,1998
2439,F.Y.R. Macedonia,2,1,3,1998
2440,Finland,0,6,6,1998
2441,France,3,60,64,1998
2442,Georgia,1,1,3,1998
2443,Germany,5,52,63,1998
2444,Ghana,8,4,12,1998
2445,Greece,3,48,51,1998
2446,Guatemala,1,3,4,1998
2447,Guyana,1,0,1,1998
2448,Hong Kong,11,34,45,1998
2449,Hungary,2,11,13,1998
2450,Iceland,0,6,6,1998
2451,India,12,119,135,1998
2452,Indonesia,2,15,17,1998
2453,Iran,0,9,9,1998
2454,Ireland,1,11,12,1998
2455,Israel,0,21,21,1998
2456,Italy,2,45,51,1998
2457,Ivory Coast,0,1,1,1998
2458,Jamaica,2,2,4,1998
2459,Japan,6,99,121,1998
2460,Jordan,5,1,6,1998
2461,Kenya,9,5,14,1998
2462,South Korea,4,124,129,1998
2463,Lebanon,1,20,21,1998
2464,Liechtenstein,0,1,1,1998
2465,Lithuania,0,1,1,1998
2466,Luxembourg,0,1,1,1998
2467,Malaysia,11,20,31,1998
2468,Mexico,8,50,60,1998
2469,Moldova,0,1,1,1998
2470,Morocco,2,4,6,1998
2471,Nepal,3,2,5,1998
2472,Netherlands,0,5,6,1998
2473,New Zealand,1,3,4,1998
2474,Nigeria,2,4,6,1998
2475,Norway,4,8,12,1998
2476,Pakistan,10,18,29,1998
2477,Panama,0,2,2,1998
2478,Peru,1,5,6,1998
2479,Philippines,3,11,15,1998
2480,Poland,3,2,5,1998
2481,Portugal,0,13,13,1998
2482,Romania,16,12,28,1998
2483,Russia,2,35,37,1998
2484,Saudi Arabia,3,8,12,1998
2485,Sierra Leone,0,2,2,1998
2486,Singapore,17,42,60,1998
2487,Slovakia,3,2,5,1998
2488,Slovenia,0,2,2,1998
2489,South Africa,4,5,9,1998
2490,Spain,1,34,35,1998
2491,Sri Lanka,6,10,16,1998
2492,St. Lucia,1,1,2,1998
2493,St. Vincent,1,0,1,1998
2494,Sudan,1,1,2,1998
2495,Sweden,3,6,10,1998
2496,Switzerland,0,17,17,1998
2497,Syria,1,2,3,1998
2498,Taiwan,4,51,56,1998
2499,Tanzania,1,0,1,1998
2500,Thailand,17,38,55,1998
2501,Trinidad & Tobago,7,2,9,1998
2502,Tunisia,0,2,2,1998
2503,Turkey,12,36,48,1998
2504,Uganda,0,0,1,1998
2505,Ukraine,0,4,4,1998
2506,United Kingdom,8,37,46,1998
2507,Uruguay,1,3,4,1998
2508,Venezuela,5,20,27,1998
2509,Vietnam,1,1,2,1998
2510,Yugoslavia,4,11,15,1998
2511,Zimbabwe,1,0,1,1998
2512,Algeria,0,1,1,1999
2513,Argentina,2,38,40,1999
2514,Australia,1,22,23,1999
2515,Austria,1,10,11,1999
2516,Bahamas,2,0,2,1999
2517,Bangladesh,5,6,11,1999
2518,Barbados,1,1,2,1999
2519,Belarus,0,1,1,1999
2520,Belgium,0,14,14,1999
2521,Bermuda,0,1,1,1999
2522,Bolivia,1,2,3,1999
2523,Bosnia Herzegovina,3,0,3,1999
2524,Botswana,0,1,1,1999
2525,Brazil,5,46,51,1999
2526,Bulgaria,15,13,28,1999
2527,Burma (Myanmar),1,0,1,1999
2528,Cameroon,1,0,1,1999
2529,Canada,22,170,192,1999
2530,Chile,1,20,21,1999
2531,China,3,256,259,1999
2532,Colombia,6,17,23,1999
2533,Costa Rica,1,3,4,1999
2534,Croatia,1,4,5,1999
2535,Cuba,1,0,1,1999
2536,Cyprus,7,8,15,1999
2537,Czech Republic,2,2,4,1999
2538,Denmark,1,6,7,1999
2539,Dominica,1,0,1,1999
2540,Dominican Republic,0,3,3,1999
2541,Ecuador,2,2,4,1999
2542,Egypt,2,7,9,1999
2543,El Salvador,0,1,1,1999
2544,Ethiopia,2,1,3,1999
2545,Finland,0,6,6,1999
2546,France,2,70,72,1999
2547,F.Y.R. Macedonia,3,1,4,1999
2548,Gabon,1,0,1,1999
2549,Georgia,1,1,2,1999
2550,Germany,5,59,64,1999
2551,Ghana,12,3,15,1999
2552,Greece,4,52,56,1999
2553,Guatemala,1,3,4,1999
2554,Guyana,0,2,2,1999
2555,Hong Kong,12,35,47,1999
2556,Hungary,2,14,16,1999
2557,Iceland,0,6,6,1999
2558,India,13,135,148,1999
2559,Indonesia,2,14,16,1999
2560,Iran,0,9,9,1999
2561,Ireland,1,13,14,1999
2562,Israel,0,32,32,1999
2563,Italy,4,51,55,1999
2564,Ivory Coast,0,1,1,1999
2565,Jamaica,2,1,3,1999
2566,Japan,8,109,117,1999
2567,Jordan,7,1,8,1999
2568,Kenya,7,4,11,1999
2569,South Korea,4,138,142,1999
2570,Latvia,1,0,1,1999
2571,Lebanon,2,21,23,1999
2572,Lithuania,0,1,1,1999
2573,Luxembourg,0,1,1,1999
2574,Malaysia,10,16,26,1999
2575,Mexico,5,48,53,1999
2576,Moldova,0,1,1,1999
2577,Morocco,2,5,7,1999
2578,Nepal,4,2,6,1999
2579,Netherlands,0,5,5,1999
2580,New Zealand,2,6,8,1999
2581,Nigeria,2,4,6,1999
2582,Norway,4,13,17,1999
2583,Pakistan,10,16,26,1999
2584,Panama,0,2,2,1999
2585,Peru,4,4,8,1999
2586,Philippines,4,13,17,1999
2587,Poland,1,4,5,1999
2588,Portugal,0,24,24,1999
2589,Romania,17,15,32,1999
2590,Russia,1,34,35,1999
2591,St. Lucia,1,0,1,1999
2592,Saudi Arabia,6,9,15,1999
2593,Sierra Leone,0,1,1,1999
2594,Singapore,15,65,80,1999
2595,Slovakia,2,1,3,1999
2596,Slovenia,0,2,2,1999
2597,South Africa,2,9,11,1999
2598,Spain,1,29,30,1999
2599,Sri Lanka,7,12,19,1999
2600,St. Christopher-Nevis,0,1,1,1999
2601,St. Vincent & the Grenadines,1,0,1,1999
2602,Sudan,1,1,2,1999
2603,Sweden,5,10,15,1999
2604,Switzerland,1,17,18,1999
2605,Syria,1,3,4,1999
2606,Taiwan,5,51,56,1999
2607,Tanzania,0,1,1,1999
2608,Thailand,16,37,53,1999
2609,Trinidad & Tobago,11,2,13,1999
2610,Turkey,12,47,59,1999
2611,Ukraine,2,4,6,1999
2612,United Kingdom,6,43,49,1999
2613,Uruguay,0,2,2,1999
2614,Venezuela,2,22,24,1999
2615,Vietnam,0,2,2,1999
2616,Yugoslavia,6,11,17,1999
2617,Afghanistan,0,1,1,2000
2618,Albania,1,0,1,2000
2619,Algeria,1,1,2,2000
2620,Argentina,1,46,47,2000
2621,Australia,2,26,28,2000
2622,Austria,1,10,11,2000
2623,Bahamas,2,0,2,2000
2624,Bangladesh,4,9,13,2000
2625,Barbados,2,0,2,2000
2626,Belgium,0,12,12,2000
2627,Bolivia,1,1,2,2000
2628,Bosnia-Herzegovina,1,1,2,2000
2629,Brazil,6,52,58,2000
2630,Bulgaria,14,12,26,2000
2631,Cambodia,0,1,1,2000
2632,Canada,22,206,228,2000
2633,Cayman Islands,0,1,1,2000
2634,Chile,2,21,23,2000
2635,China,3,304,307,2000
2636,Colombia,5,24,29,2000
2637,Costa Rica,2,3,5,2000
2638,Croatia,1,7,8,2000
2639,Cuba,1,0,1,2000
2640,Cyprus,6,12,18,2000
2641,Czech Republic,0,8,8,2000
2642,Denmark,0,8,8,2000
2643,Dominica,0,1,1,2000
2644,Dominican Republic,0,3,3,2000
2645,Ecuador,1,2,3,2000
2646,Egypt,2,6,8,2000
2647,El Salvador,0,1,1,2000
2648,Ethiopia,1,2,3,2000
2649,Finland,0,6,6,2000
2650,France,3,79,82,2000
2651,Georgia,1,1,2,2000
2652,Germany,3,86,89,2000
2653,Ghana,14,2,16,2000
2654,Greece,2,55,57,2000
2655,Guatemala,1,3,4,2000
2656,Guyana,1,0,1,2000
2657,Hong Kong,12,34,46,2000
2658,Hungary,1,13,14,2000
2659,Iceland,0,5,5,2000
2660,India,12,146,158,2000
2661,Indonesia,2,17,19,2000
2662,Iran,0,8,8,2000
2663,Ireland,1,15,16,2000
2664,Israel,2,34,36,2000
2665,Italy,3,60,63,2000
2666,Ivory Coast,0,1,1,2000
2667,Jamaica,2,2,4,2000
2668,Japan,5,107,112,2000
2669,Jordan,6,1,7,2000
2670,Kazakhstan,1,0,1,2000
2671,Kenya,7,4,11,2000
2672,South Korea,4,158,162,2000
2673,Kuwait,0,1,1,2000
2674,Latvia,1,0,1,2000
2675,Lebanon,2,24,26,2000
2676,Lithuania,1,0,1,2000
2677,Luxembourg,0,1,1,2000
2678,Macau,0,2,2,2000
2679,F.Y.R. Macedonia,1,1,2,2000
2680,Malaysia,9,15,24,2000
2681,Mexico,5,56,61,2000
2682,Moldova,0,1,1,2000
2683,Montserrat,0,1,1,2000
2684,Morocco,2,4,6,2000
2685,Myanmar,2,0,2,2000
2686,Nepal,1,5,6,2000
2687,Netherlands,0,5,5,2000
2688,New Zealand,2,5,7,2000
2689,Nigeria,2,4,6,2000
2690,Norway,2,21,23,2000
2691,Pakistan,13,18,31,2000
2692,Panama,0,2,2,2000
2693,Peru,3,5,8,2000
2694,Philippines,1,14,15,2000
2695,Poland,0,6,6,2000
2696,Portugal,1,21,22,2000
2697,Romania,12,18,30,2000
2698,Russia,1,42,43,2000
2699,Saudi Arabia,6,8,14,2000
2700,Senegal,0,1,1,2000
2701,Singapore,16,47,63,2000
2702,Slovakia,2,1,3,2000
2703,Slovenia,0,2,2,2000
2704,South Africa,2,10,12,2000
2705,Spain,2,33,35,2000
2706,Sri Lanka,6,9,15,2000
2707,St. Kitts,0,1,1,2000
2708,St. Lucia,1,0,1,2000
2709,St. Vincent,0,1,1,2000
2710,Sudan,1,1,2,2000
2711,Sweden,5,14,19,2000
2712,Switzerland,1,22,23,2000
2713,Syria,0,4,4,2000
2714,"Taiwan, R.O.C.",4,57,61,2000
2715,Tanzania,1,0,1,2000
2716,Thailand,13,37,50,2000
2717,Trinidad & Tobago,6,4,10,2000
2718,Turkey,14,51,65,2000
2719,Ukraine,2,3,5,2000
2720,United Arab Emirates,0,1,1,2000
2721,United Kingdom,8,55,63,2000
2722,Uruguay,0,2,2,2000
2723,Venezuela,2,21,23,2000
2724,Yugoslavia,3,14,17,2000
2725,Zimbabwe,1,0,1,2000
2726,Algeria,0,1,1,2006
2727,Argentina,1,24,25,2006
2728,Armenia,1,0,1,2006
2729,Australia,1,24,25,2006
2730,Austria,0,11,11,2006
2731,Azerbaijan,1,1,2,2006
2732,Bahrain,2,0,2,2006
2733,Bangladesh,3,6,9,2006
2734,Belarus,0,2,2,2006
2735,Belgium,2,14,16,2006
2736,Belize,0,1,1,2006
2737,Bhutan,0,1,1,2006
2738,Bolivia,0,2,2,2006
2739,Bosnia-Hercegovina,0,2,2,2006
2740,Brazil,5,32,37,2006
2741,Bulgaria,9,17,26,2006
2742,Burma (Myanmar),2,1,3,2006
2743,Cambodia,0,1,1,2006
2744,Cameroon,4,1,5,2006
2745,Canada,19,211,230,2006
2746,Chile,0,25,25,2006
2747,China,27,309,336,2006
2748,Colombia,1,18,19,2006
2749,Costa Rica,1,4,5,2006
2750,Cyprus,4,6,10,2006
2751,Czech Republic,0,4,4,2006
2752,Denmark,3,4,7,2006
2753,Dominican Republic,0,1,1,2006
2754,Ecuador,1,3,4,2006
2755,Egypt,2,7,9,2006
2756,Estonia,0,1,1,2006
2757,Ethiopia,1,1,2,2006
2758,Finland,2,3,5,2006
2759,France,3,101,104,2006
2760,Georgia,1,0,1,2006
2761,Germany,9,76,85,2006
2762,Ghana,6,5,11,2006
2763,Greece,6,51,57,2006
2764,Guatemala,2,2,4,2006
2765,Hong Kong,3,29,32,2006
2766,Hungary,0,6,6,2006
2767,Iceland,0,5,5,2006
2768,India,18,212,230,2006
2769,Indonesia,6,13,19,2006
2770,Iran,1,30,31,2006
2771,Ireland,5,16,21,2006
2772,Israel,3,36,39,2006
2773,Italy,4,69,73,2006
2774,Jamaica,5,3,8,2006
2775,Japan,3,85,88,2006
2776,Jordan,3,4,7,2006
2777,Kazakhstan,4,0,4,2006
2778,Kenya,8,5,13,2006
2779,South Korea,23,237,260,2006
2780,Kuwait,3,0,3,2006
2781,Kyrgyzstan,1,0,1,2006
2782,Latvia,0,1,1,2006
2783,Lebanon,3,19,22,2006
2784,Liberia,0,1,1,2006
2785,Lithuania,1,0,1,2006
2786,Macau,0,1,1,2006
2787,"Macedonia, Former Yug Rep of",0,4,4,2006
2788,Malaysia,9,17,26,2006
2789,Mauritania,0,1,1,2006
2790,Mauritius,2,1,3,2006
2791,Mexico,4,53,57,2006
2792,Moldova,3,3,6,2006
2793,Mongolia,2,0,2,2006
2794,Morocco,1,1,2,2006
2795,Nepal,3,2,5,2006
2796,Netherlands,0,14,14,2006
2797,New Zealand,0,5,5,2006
2798,Niger,1,0,1,2006
2799,Nigeria,4,5,9,2006
2800,Norway,1,4,5,2006
2801,Pakistan,10,21,31,2006
2802,Panama,1,1,2,2006
2803,Peru,1,4,5,2006
2804,Philippines,2,9,11,2006
2805,Poland,7,7,14,2006
2806,Portugal,1,18,19,2006
2807,Romania,7,19,26,2006
2808,Russia,1,32,33,2006
2809,Rwanda,1,0,1,2006
2810,Saudi Arabia,3,5,8,2006
2811,Senegal,0,1,1,2006
2812,Serbia and Montenegro,2,14,16,2006
2813,Sierra Leone,0,1,1,2006
2814,Singapore,9,62,71,2006
2815,Slovakia,2,4,6,2006
2816,Slovenia,0,3,3,2006
2817,South Africa,2,0,2,2006
2818,Spain,2,54,56,2006
2819,Sri Lanka,3,3,6,2006
2820,Sweden,3,13,16,2006
2821,Switzerland,2,13,15,2006
2822,Syria,1,1,2,2006
2823,Taiwan,11,79,90,2006
2824,Tanzania,2,0,2,2006
2825,Thailand,7,52,59,2006
2826,Trinidad & Tobago,5,2,7,2006
2827,Turkey,7,50,57,2006
2828,Turkmenistan,1,0,1,2006
2829,Uganda,2,1,3,2006
2830,Ukraine,3,8,11,2006
2831,United Arab Emirates,0,2,2,2006
2832,United Kingdom,28,43,71,2006
2833,Ghana,0,1,1,2006
2834,Venezuela,4,12,16,2006
2835,Vietnam,3,14,17,2006
2836,West Bank,3,0,3,2006
2837,Zimbabwe,2,4,6,2006
