"Year","Country","Student"
2006,Zimbabwe,15
2006,Zambia,10
2006,Yemen,0
2006,Vietnam,10
2006,Venezuela,5
2006,Vanuatu,0
2006,United States of America,1400
2006,United Arab Emirates,5
2006,Ukraine,10
2006,Uganda,5
2006,Turkey,25
2006,Tunisia,0
2006,Trinidad and Tobago,5
2006,Thailand,55
2006,Tanzania,5
2006,Tajikistan,0
2006,Taiwan,65
2006,Syria,0
2006,Switzerland,90
2006,Sweden,40
2006,Sudan,5
2006,St Lucia,0
2006,Sri Lanka,15
2006,Spain,60
2006,South Africa,80
2006,Slovenia,15
2006,Slovakia,15
2006,Singapore,110
2006,Sierra Leone,0
2006,Senegal,0
2006,Saudi Arabia,5
2006,Russia (Russian Federation),70
2006,Romania,35
2006,Qatar,5
2006,Puerto Rico,0
2006,Portugal,45
2006,Poland,60
2006,Philippines,5
2006,Peru,10
2006,Paraguay,0
2006,Pakistan,50
2006,Norway,25
2006,North Macedonia,10
2006,Nigeria,10
2006,New Zealand,50
2006,Netherlands,85
2006,Nepal,0
2006,Morocco,5
2006,Mongolia,0
2006,Moldova,5
2006,Mexico,50
2006,Mauritius,5
2006,Malta,5
2006,Malaysia,75
2006,Malawi,0
2006,Macao (SAR),0
2006,Luxembourg,15
2006,Lithuania,5
2006,Liechtenstein,0
2006,Lebanon,10
2006,Latvia,10
2006,Kyrgyzstan,0
2006,Kuwait,0
2006,"Korea, Republic of (South)",80
2006,Kenya,20
2006,Kazakhstan,5
2006,Jordan,5
2006,Japan,90
2006,Jamaica,10
2006,Italy,100
2006,Israel,35
2006,Isle of Man,15
2006,Ireland,105
2006,Iraq,0
2006,Iran,10
2006,Indonesia,10
2006,India,180
2006,Iceland,5
2006,Hungary,25
2006,Hong Kong (SAR),195
2006,Guyana,0
2006,Greece,125
2006,Gibraltar,0
2006,Ghana,5
2006,Germany,510
2006,Georgia,0
2006,France,170
2006,Finland,25
2006,Fiji,0
2006,Estonia,10
2006,El Salvador,0
2006,Egypt,15
2006,Ecuador,5
2006,Denmark,30
2006,Czech Republic,25
2006,Cyprus,35
2006,Croatia,15
2006,Costa Rica,0
2006,Colombia,10
2006,China,505
2006,Chile,10
2006,Cayman Islands,5
2006,Canada,300
2006,Cameroon,5
2006,Cambodia,0
2006,Bulgaria,30
2006,Brunei,10
2006,Brazil,25
2006,Botswana,5
2006,Bosnia and Herzegovina,10
2006,Bolivia,5
2006,Bhutan,0
2006,Bermuda,5
2006,Belize,0
2006,Belgium,70
2006,Belarus,5
2006,Bangladesh,10
2006,Bahrain,5
2006,Bahamas,0
2006,Azerbaijan,5
2006,Austria,45
2006,Australia,200
2006,Armenia,0
2006,Argentina,15
2006,Algeria,5
2006,Albania,0
2008,Zimbabwe,10
2008,Zambia,5
2008,Yemen,0
2008,Vietnam,10
2008,Venezuela,5
2008,Uzbekistan,0
2008,Uruguay,0
2008,United States of America,1445
2008,United Arab Emirates,10
2008,Ukraine,10
2008,Uganda,5
2008,Turkey,45
2008,Trinidad and Tobago,5
2008,Tonga,0
2008,Thailand,50
2008,Tanzania,5
2008,Tajikistan,0
2008,Taiwan,70
2008,Syria,0
2008,Switzerland,100
2008,Sweden,55
2008,Sudan,0
2008,St Vincent and The Grenadines,0
2008,St Lucia,0
2008,St Kitts and Nevis,0
2008,Sri Lanka,15
2008,Spain,50
2008,South Africa,100
2008,Slovenia,15
2008,Slovakia,20
2008,Singapore,145
2008,Saudi Arabia,10
2008,Russia (Russian Federation),55
2008,Romania,35
2008,Qatar,0
2008,Puerto Rico,0
2008,Portugal,55
2008,Poland,90
2008,Philippines,10
2008,Peru,10
2008,Palestinian Territories,0
2008,Pakistan,70
2008,Oman,0
2008,Norway,20
2008,North Macedonia,5
2008,Nigeria,10
2008,New Zealand,60
2008,Netherlands,100
2008,Nepal,5
2008,Morocco,0
2008,Mongolia,0
2008,Monaco,0
2008,Moldova,5
2008,Mexico,45
2008,Mauritius,5
2008,Malta,5
2008,Malaysia,110
2008,Malawi,0
2008,Luxembourg,20
2008,Lithuania,10
2008,Libya,0
2008,Lebanon,15
2008,Latvia,10
2008,Kyrgyzstan,5
2008,Kuwait,0
2008,"Korea, Republic of (South)",100
2008,Kenya,20
2008,Kazakhstan,5
2008,Jordan,5
2008,Jersey,10
2008,Japan,95
2008,Jamaica,5
2008,Italy,125
2008,Israel,35
2008,Isle of Man,10
2008,Ireland,105
2008,Iran,10
2008,Indonesia,5
2008,India,225
2008,Iceland,10
2008,Hungary,20
2008,Hong Kong (SAR),205
2008,Guernsey,0
2008,Guatemala,0
2008,Greenland,0
2008,Greece,125
2008,Gibraltar,5
2008,Ghana,10
2008,Germany,570
2008,Georgia,0
2008,Gambia,0
2008,France,195
2008,Finland,35
2008,Ethiopia,5
2008,Estonia,10
2008,Egypt,20
2008,Dominican Republic,5
2008,Denmark,35
2008,Czech Republic,25
2008,Cyprus,55
2008,Croatia,10
2008,Costa Rica,0
2008,Colombia,15
2008,China,505
2008,Chile,15
2008,Cayman Islands,0
2008,Canada,340
2008,Cameroon,5
2008,Bulgaria,30
2008,Brunei,10
2008,Brazil,20
2008,Botswana,5
2008,Bosnia and Herzegovina,5
2008,Bolivia,5
2008,Bhutan,0
2008,Bermuda,5
2008,Belgium,55
2008,Belarus,5
2008,Barbados,5
2008,Bangladesh,10
2008,Bahrain,5
2008,Bahamas,0
2008,Azerbaijan,5
2008,Austria,60
2008,Australia,225
2008,Armenia,5
2008,Argentina,15
2008,Angola,0
2008,Algeria,0
2008,Albania,5
2008,Afghanistan,0
2018,Zimbabwe,15
2018,Zambia,15
2018,Vietnam,20
2018,Venezuela,5
2018,Uruguay,5
2018,United States Virgin Islands,0
2018,United States of America,1735
2018,United Arab Emirates,70
2018,Ukraine,20
2018,Uganda,10
2018,Turkmenistan,0
2018,Turkey,75
2018,Tunisia,0
2018,Trinidad and Tobago,10
2018,Togo,0
2018,Thailand,75
2018,Tanzania,5
2018,Taiwan,45
2018,Syria,5
2018,Switzerland,185
2018,Sweden,65
2018,Sudan,5
2018,St Lucia,0
2018,Sri Lanka,15
2018,Spain,145
2018,South Sudan,0
2018,South Africa,140
2018,Somalia,0
2018,Slovenia,20
2018,Slovakia,25
2018,Singapore,350
2018,Sierra Leone,0
2018,Serbia,20
2018,Senegal,0
2018,Saudi Arabia,45
2018,Rwanda,5
2018,Russia (Russian Federation),85
2018,Romania,150
2018,RÃ©union,0
2018,Qatar,15
2018,Portugal,40
2018,Poland,170
2018,Philippines,25
2018,Peru,10
2018,Paraguay,5
2018,Papua New Guinea,0
2018,Panama,0
2018,Palestinian Territories,10
2018,Pakistan,70
2018,Oman,5
2018,Norway,65
2018,North Macedonia,5
2018,Nigeria,50
2018,New Zealand,85
2018,Netherlands,195
2018,Nepal,10
2018,Namibia,0
2018,Myanmar (Burma),5
2018,Mozambique,0
2018,Morocco,10
2018,Montenegro,0
2018,Mongolia,5
2018,Monaco,5
2018,Moldova,0
2018,Mexico,65
2018,Mauritius,10
2018,Malta,15
2018,Mali,0
2018,Maldives,0
2018,Malaysia,110
2018,Malawi,5
2018,Macao (SAR),10
2018,Luxembourg,25
2018,Lithuania,30
2018,Liberia,0
2018,Lebanon,10
2018,Latvia,5
2018,Laos,0
2018,Kyrgyzstan,0
2018,Kuwait,5
2018,"Korea, Republic of (South)",130
2018,Kenya,35
2018,Kazakhstan,10
2018,Jordan,10
2018,Jersey,20
2018,Japan,105
2018,Jamaica,5
2018,Ivory Coast,0
2018,Italy,310
2018,Israel,35
2018,Isle of Man,5
2018,Ireland,140
2018,Iraq,5
2018,Iran,15
2018,Indonesia,60
2018,India,305
2018,Iceland,10
2018,Hungary,45
2018,Hong Kong (SAR),340
2018,Guernsey,15
2018,Guatemala,0
2018,Greece,95
2018,Gibraltar,0
2018,Ghana,35
2018,Germany,740
2018,Georgia,5
2018,Gambia,5
2018,France,250
2018,Finland,35
2018,Fiji,0
2018,Ethiopia,5
2018,Eswatini,5
2018,Estonia,15
2018,Egypt,25
2018,Ecuador,5
2018,East Timor (Timor-Leste),0
2018,Dominican Republic,0
2018,Dominica,0
2018,Denmark,55
2018,Czech Republic,45
2018,Cyprus,20
2018,Croatia,5
2018,Costa Rica,5
2018,Congo (Republic of),0
2018,Congo (Democratic Republic),0
2018,Colombia,30
2018,China,1070
2018,Chile,40
2018,Cayman Islands,0
2018,Canada,420
2018,Cameroon,5
2018,Cambodia,0
2018,Burundi,0
2018,Bulgaria,55
2018,Brunei,5
2018,Brazil,80
2018,Botswana,5
2018,Bosnia and Herzegovina,5
2018,Bolivia,5
2018,Bhutan,0
2018,Bermuda,5
2018,Belize,0
2018,Belgium,90
2018,Belarus,5
2018,Barbados,0
2018,Bangladesh,25
2018,Bahrain,10
2018,Bahamas,5
2018,Azerbaijan,5
2018,Austria,90
2018,Australia,360
2018,Armenia,10
2018,Argentina,10
2018,Antigua and Barbuda,0
2018,Anguilla,0
2018,Angola,20
2018,Algeria,0
2018,Albania,5
2018,Afghanistan,0
2021,Zimbabwe,20
2021,Zambia,10
2021,Vietnam,35
2021,Venezuela,5
2021,Uruguay,5
2021,United States Virgin Islands,5
2021,United States of America,1900
2021,United Arab Emirates,85
2021,Ukraine,10
2021,Uganda,15
2021,Turkmenistan,0
2021,Turkey,105
2021,Tunisia,0
2021,Trinidad and Tobago,10
2021,Tonga,0
2021,Togo,0
2021,Thailand,70
2021,Tanzania,5
2021,Tajikistan,0
2021,Taiwan,55
2021,Syria,5
2021,Switzerland,185
2021,Sweden,55
2021,Sudan,10
2021,St Lucia,0
2021,Sri Lanka,20
2021,Spain,125
2021,South Sudan,0
2021,South Africa,165
2021,Slovenia,15
2021,Slovakia,30
2021,Singapore,330
2021,Sierra Leone,5
2021,Serbia,20
2021,Senegal,5
2021,Saudi Arabia,60
2021,Rwanda,0
2021,Russia (Russian Federation),90
2021,Romania,160
2021,Qatar,15
2021,Puerto Rico,0
2021,Portugal,40
2021,Poland,175
2021,Philippines,20
2021,Peru,35
2021,Paraguay,5
2021,Papua New Guinea,0
2021,Panama,5
2021,Palestinian Territories,5
2021,Pakistan,65
2021,Oman,5
2021,Norway,60
2021,North Macedonia,5
2021,Nigeria,100
2021,New Zealand,65
2021,Netherlands,165
2021,Nepal,10
2021,Namibia,0
2021,Myanmar (Burma),10
2021,Mozambique,5
2021,Morocco,10
2021,Montenegro,0
2021,Mongolia,0
2021,Mexico,65
2021,Mauritius,5
2021,Malta,5
2021,Maldives,0
2021,Malaysia,105
2021,Malawi,10
2021,Madagascar,0
2021,Macao (SAR),5
2021,Luxembourg,25
2021,Lithuania,30
2021,Libya,0
2021,Liberia,5
2021,Lebanon,20
2021,Latvia,5
2021,Laos,0
2021,Kyrgyzstan,5
2021,Kuwait,10
2021,Kosovo,0
2021,"Korea, Republic of (South)",135
2021,"Korea, DPR of (North)",0
2021,Kenya,50
2021,Kazakhstan,10
2021,Jordan,15
2021,Jersey,25
2021,Japan,95
2021,Jamaica,5
2021,Ivory Coast,0
2021,Italy,290
2021,Israel,35
2021,Isle of Man,15
2021,Ireland,170
2021,Iraq,5
2021,Iran,15
2021,Indonesia,80
2021,India,435
2021,Iceland,5
2021,Hungary,40
2021,Hong Kong (SAR),380
2021,Honduras,5
2021,Guyana,0
2021,Guernsey,15
2021,Guatemala,0
2021,Greece,100
2021,Gibraltar,0
2021,Ghana,45
2021,Germany,695
2021,Georgia,10
2021,Gambia,0
2021,France,245
2021,Finland,30
2021,Federated States of Micronesia,0
2021,Ethiopia,10
2021,Eswatini,0
2021,Estonia,10
2021,Eritrea,0
2021,El Salvador,0
2021,Egypt,25
2021,Ecuador,5
2021,Dominican Republic,0
2021,Denmark,55
2021,Czech Republic,50
2021,Cyprus,35
2021,CuraÃ§ao,0
2021,Croatia,10
2021,Costa Rica,5
2021,Congo (Democratic Republic),5
2021,Colombia,50
2021,China,1670
2021,Chile,45
2021,Cayman Islands,0
2021,Canada,480
2021,Cameroon,5
2021,Cambodia,0
2021,Burundi,5
2021,Burkina Faso,0
2021,Bulgaria,50
2021,Brunei,0
2021,British Virgin Islands,0
2021,Brazil,80
2021,Botswana,5
2021,Bosnia and Herzegovina,5
2021,Bolivia,5
2021,Bhutan,0
2021,Bermuda,0
2021,Belize,0
2021,Belgium,105
2021,Belarus,5
2021,Barbados,5
2021,Bangladesh,40
2021,Bahrain,5
2021,Azerbaijan,5
2021,Austria,90
2021,Australia,340
2021,Armenia,5
2021,Argentina,15
2021,Antigua and Barbuda,0
2021,Angola,5
2021,Albania,0
2021,Afghanistan,5
2017,Zimbabwe,15
2017,Zambia,10
2017,Vietnam,25
2017,Venezuela,5
2017,Uzbekistan,0
2017,Uruguay,5
2017,United States of America,1720
2017,United Arab Emirates,55
2017,Ukraine,20
2017,Uganda,10
2017,Turkmenistan,0
2017,Turkey,60
2017,Tunisia,0
2017,Trinidad and Tobago,10
2017,Togo,0
2017,Thailand,75
2017,Tanzania,5
2017,Taiwan,50
2017,Syria,5
2017,Switzerland,180
2017,Sweden,65
2017,Sudan,10
2017,St Vincent and The Grenadines,0
2017,St Lucia,0
2017,Sri Lanka,15
2017,Spain,125
2017,South Sudan,0
2017,South Africa,135
2017,Slovenia,20
2017,Slovakia,30
2017,Singapore,355
2017,Sierra Leone,0
2017,Serbia,15
2017,Senegal,0
2017,Saudi Arabia,35
2017,Rwanda,5
2017,Russia (Russian Federation),80
2017,Romania,140
2017,Qatar,15
2017,Portugal,40
2017,Poland,160
2017,Philippines,25
2017,Peru,15
2017,Papua New Guinea,0
2017,Panama,5
2017,Palestinian Territories,10
2017,Pakistan,60
2017,Oman,5
2017,Norway,50
2017,North Macedonia,5
2017,Nigeria,45
2017,New Zealand,80
2017,Netherlands,195
2017,Nepal,5
2017,Namibia,5
2017,Myanmar (Burma),5
2017,Mozambique,0
2017,Morocco,5
2017,Montenegro,5
2017,Mongolia,5
2017,Monaco,0
2017,Moldova,0
2017,Mexico,50
2017,Mauritius,5
2017,Malta,5
2017,Mali,0
2017,Maldives,0
2017,Malaysia,125
2017,Malawi,5
2017,Macao (SAR),5
2017,Luxembourg,20
2017,Lithuania,30
2017,Liberia,0
2017,Lebanon,15
2017,Latvia,5
2017,Laos,0
2017,Kyrgyzstan,0
2017,Kuwait,5
2017,Kosovo,0
2017,"Korea, Republic of (South)",145
2017,Kenya,35
2017,Kazakhstan,10
2017,Jordan,10
2017,Jersey,15
2017,Japan,100
2017,Jamaica,10
2017,Italy,315
2017,Israel,30
2017,Isle of Man,10
2017,Ireland,135
2017,Iraq,5
2017,Iran,15
2017,Indonesia,50
2017,India,270
2017,Iceland,10
2017,Hungary,40
2017,Hong Kong (SAR),310
2017,Honduras,0
2017,Guernsey,25
2017,Guatemala,0
2017,Guam,0
2017,Greenland,0
2017,Greece,105
2017,Gibraltar,5
2017,Ghana,30
2017,Germany,760
2017,Georgia,5
2017,Gambia,0
2017,France,270
2017,Finland,45
2017,Fiji,0
2017,Falkland Islands,0
2017,Ethiopia,0
2017,Eswatini,0
2017,Estonia,15
2017,El Salvador,0
2017,Egypt,30
2017,Ecuador,5
2017,East Timor (Timor-Leste),0
2017,Dominican Republic,5
2017,Denmark,60
2017,Czech Republic,45
2017,Cyprus,25
2017,Croatia,10
2017,Costa Rica,0
2017,Colombia,20
2017,China,945
2017,Chile,30
2017,Cayman Islands,5
2017,Canada,410
2017,Cameroon,5
2017,Cambodia,0
2017,Burundi,0
2017,Burkina Faso,0
2017,Bulgaria,60
2017,Brunei,5
2017,Brazil,85
2017,Botswana,5
2017,Bosnia and Herzegovina,0
2017,Bolivia,5
2017,Bhutan,0
2017,Bermuda,10
2017,Belgium,100
2017,Belarus,0
2017,Barbados,5
2017,Bangladesh,25
2017,Bahrain,5
2017,Bahamas,0
2017,Azerbaijan,10
2017,Austria,85
2017,Australia,370
2017,Armenia,10
2017,Argentina,5
2017,Anguilla,0
2017,Angola,20
2017,Algeria,0
2017,Albania,5
2017,Ã…land Islands,0
2017,Afghanistan,0
2021,Zimbabwe,20
2021,Zambia,10
2021,Vietnam,35
2021,Venezuela,5
2021,Uruguay,5
2021,United States Virgin Islands,5
2021,United States of America,1900
2021,United Arab Emirates,85
2021,Ukraine,10
2021,Uganda,15
2021,Turkmenistan,0
2021,Turkey,105
2021,Tunisia,0
2021,Trinidad and Tobago,10
2021,Tonga,0
2021,Togo,0
2021,Thailand,70
2021,Tanzania,5
2021,Tajikistan,0
2021,Taiwan,55
2021,Syria,5
2021,Switzerland,185
2021,Sweden,55
2021,Sudan,10
2021,St Lucia,0
2021,Sri Lanka,20
2021,Spain,125
2021,South Sudan,0
2021,South Africa,165
2021,Slovenia,15
2021,Slovakia,30
2021,Singapore,330
2021,Sierra Leone,5
2021,Serbia,20
2021,Senegal,5
2021,Saudi Arabia,60
2021,Rwanda,0
2021,Russia (Russian Federation),90
2021,Romania,160
2021,Qatar,15
2021,Puerto Rico,0
2021,Portugal,40
2021,Poland,175
2021,Philippines,20
2021,Peru,35
2021,Paraguay,5
2021,Papua New Guinea,0
2021,Panama,5
2021,Palestinian Territories,5
2021,Pakistan,65
2021,Oman,5
2021,Norway,60
2021,North Macedonia,5
2021,Nigeria,100
2021,New Zealand,65
2021,Netherlands,165
2021,Nepal,10
2021,Namibia,0
2021,Myanmar (Burma),10
2021,Mozambique,5
2021,Morocco,10
2021,Montenegro,0
2021,Mongolia,0
2021,Mexico,65
2021,Mauritius,5
2021,Malta,5
2021,Maldives,0
2021,Malaysia,105
2021,Malawi,10
2021,Madagascar,0
2021,Macao (SAR),5
2021,Luxembourg,25
2021,Lithuania,30
2021,Libya,0
2021,Liberia,5
2021,Lebanon,20
2021,Latvia,5
2021,Laos,0
2021,Kyrgyzstan,5
2021,Kuwait,10
2021,Kosovo,0
2021,"Korea, Republic of (South)",135
2021,"Korea, DPR of (North)",0
2021,Kenya,50
2021,Kazakhstan,10
2021,Jordan,15
2021,Jersey,25
2021,Japan,95
2021,Jamaica,5
2021,Ivory Coast,0
2021,Italy,290
2021,Israel,35
2021,Isle of Man,15
2021,Ireland,170
2021,Iraq,5
2021,Iran,15
2021,Indonesia,80
2021,India,435
2021,Iceland,5
2021,Hungary,40
2021,Hong Kong (SAR),380
2021,Honduras,5
2021,Guyana,0
2021,Guernsey,15
2021,Guatemala,0
2021,Greece,100
2021,Gibraltar,0
2021,Ghana,45
2021,Germany,695
2021,Georgia,10
2021,Gambia,0
2021,France,245
2021,Finland,30
2021,Federated States of Micronesia,0
2021,Ethiopia,10
2021,Eswatini,0
2021,Estonia,10
2021,Eritrea,0
2021,El Salvador,0
2021,Egypt,25
2021,Ecuador,5
2021,Dominican Republic,0
2021,Denmark,55
2021,Czech Republic,50
2021,Cyprus,35
2021,CuraÃ§ao,0
2021,Croatia,10
2021,Costa Rica,5
2021,Congo (Democratic Republic),5
2021,Colombia,50
2021,China,1670
2021,Chile,45
2021,Cayman Islands,0
2021,Canada,480
2021,Cameroon,5
2021,Cambodia,0
2021,Burundi,5
2021,Burkina Faso,0
2021,Bulgaria,50
2021,Brunei,0
2021,British Virgin Islands,0
2021,Brazil,80
2021,Botswana,5
2021,Bosnia and Herzegovina,5
2021,Bolivia,5
2021,Bhutan,0
2021,Bermuda,0
2021,Belize,0
2021,Belgium,105
2021,Belarus,5
2021,Barbados,5
2021,Bangladesh,40
2021,Bahrain,5
2021,Azerbaijan,5
2021,Austria,90
2021,Australia,340
2021,Armenia,5
2021,Argentina,15
2021,Antigua and Barbuda,0
2021,Angola,5
2021,Albania,0
2021,Afghanistan,5
2016,Zimbabwe,15
2016,Zambia,10
2016,Vietnam,20
2016,Venezuela,5
2016,Vanuatu,0
2016,Uruguay,5
2016,United States Virgin Islands,5
2016,United States of America,1630
2016,United Arab Emirates,45
2016,Ukraine,20
2016,Uganda,5
2016,Turkey,70
2016,Tunisia,0
2016,Trinidad and Tobago,10
2016,Togo,0
2016,Thailand,70
2016,Tanzania,5
2016,Tajikistan,0
2016,Taiwan,50
2016,Syria,5
2016,Switzerland,140
2016,Sweden,75
2016,Sudan,5
2016,Sri Lanka,10
2016,Spain,135
2016,South Africa,160
2016,Slovenia,15
2016,Slovakia,25
2016,Singapore,345
2016,Sierra Leone,0
2016,Serbia,20
2016,Senegal,5
2016,Saudi Arabia,30
2016,Rwanda,5
2016,Russia (Russian Federation),85
2016,Romania,120
2016,Qatar,10
2016,Puerto Rico,0
2016,Portugal,45
2016,Poland,145
2016,Philippines,15
2016,Peru,15
2016,Paraguay,5
2016,Papua New Guinea,0
2016,Panama,5
2016,Palestinian Territories,5
2016,Pakistan,55
2016,Oman,0
2016,Norway,55
2016,North Macedonia,5
2016,Nigeria,40
2016,New Zealand,75
2016,Netherlands,190
2016,Nepal,5
2016,Namibia,5
2016,Myanmar (Burma),5
2016,Mozambique,0
2016,Morocco,0
2016,Montenegro,0
2016,Mongolia,5
2016,Monaco,5
2016,Mexico,50
2016,Mauritius,10
2016,Malta,10
2016,Mali,0
2016,Maldives,5
2016,Malaysia,125
2016,Malawi,0
2016,Madagascar,0
2016,Macao (SAR),10
2016,Luxembourg,25
2016,Lithuania,30
2016,Liechtenstein,0
2016,Liberia,0
2016,Lesotho,0
2016,Lebanon,10
2016,Latvia,10
2016,Laos,0
2016,Kyrgyzstan,0
2016,Kuwait,5
2016,"Korea, Republic of (South)",120
2016,Kenya,30
2016,Kazakhstan,10
2016,Jordan,10
2016,Jersey,5
2016,Japan,90
2016,Jamaica,10
2016,Italy,295
2016,Israel,25
2016,Isle of Man,10
2016,Ireland,120
2016,Iraq,5
2016,Iran,15
2016,Indonesia,45
2016,India,285
2016,Iceland,5
2016,Hungary,30
2016,Hong Kong (SAR),285
2016,Honduras,0
2016,Haiti,0
2016,Guernsey,20
2016,Guatemala,0
2016,Guam,0
2016,Greenland,0
2016,Greece,95
2016,Gibraltar,5
2016,Ghana,20
2016,Germany,740
2016,Georgia,5
2016,France,270
2016,Finland,40
2016,Fiji,0
2016,Ethiopia,0
2016,Eswatini,0
2016,Estonia,15
2016,El Salvador,0
2016,Egypt,25
2016,Ecuador,10
2016,Dominican Republic,5
2016,Dominica,0
2016,Denmark,70
2016,Czech Republic,45
2016,Cyprus,25
2016,Croatia,15
2016,Costa Rica,5
2016,Congo (Democratic Republic),0
2016,Colombia,25
2016,China,835
2016,Chile,30
2016,Cayman Islands,5
2016,Canada,365
2016,Cameroon,5
2016,Cambodia,5
2016,Burundi,0
2016,Burkina Faso,0
2016,Bulgaria,60
2016,Brunei,10
2016,Brazil,70
2016,Botswana,5
2016,Bosnia and Herzegovina,5
2016,Bolivia,5
2016,Bhutan,5
2016,Bermuda,5
2016,Belize,0
2016,Belgium,90
2016,Belarus,5
2016,Barbados,0
2016,Bangladesh,20
2016,Bahrain,5
2016,Azerbaijan,10
2016,Austria,80
2016,Australia,365
2016,Armenia,10
2016,Argentina,5
2016,Anguilla,0
2016,Angola,0
2016,Algeria,0
2016,Albania,5
2016,Afghanistan,0
2014,Zimbabwe,10
2014,Zambia,10
2014,Yemen,5
2014,Vietnam,25
2014,Venezuela,5
2014,Uzbekistan,0
2014,Uruguay,0
2014,United States of America,1555
2014,United Arab Emirates,25
2014,Ukraine,20
2014,Uganda,5
2014,Turks and Caicos Islands,0
2014,Turkey,50
2014,Tunisia,0
2014,Trinidad and Tobago,5
2014,Thailand,70
2014,Tanzania,0
2014,Taiwan,60
2014,Syria,0
2014,Switzerland,130
2014,Sweden,70
2014,Suriname,0
2014,Sudan,0
2014,St Lucia,0
2014,Sri Lanka,15
2014,Spain,115
2014,South Africa,130
2014,Slovenia,30
2014,Slovakia,30
2014,Singapore,310
2014,Sierra Leone,0
2014,Serbia,15
2014,Saudi Arabia,20
2014,Sao Tome and Principe,0
2014,Rwanda,0
2014,Russia (Russian Federation),80
2014,Romania,95
2014,Qatar,10
2014,Puerto Rico,0
2014,Portugal,50
2014,Poland,130
2014,Philippines,10
2014,Peru,10
2014,Paraguay,0
2014,Papua New Guinea,5
2014,Palestinian Territories,0
2014,Pakistan,40
2014,Oman,5
2014,Norway,50
2014,North Macedonia,5
2014,Nigeria,35
2014,New Zealand,80
2014,Netherlands,180
2014,Nepal,5
2014,Namibia,5
2014,Myanmar (Burma),5
2014,Mozambique,5
2014,Morocco,0
2014,Montenegro,0
2014,Mongolia,5
2014,Monaco,0
2014,Moldova,0
2014,Mexico,40
2014,Mauritius,10
2014,Malta,10
2014,Mali,0
2014,Maldives,5
2014,Malaysia,120
2014,Madagascar,0
2014,Macao (SAR),5
2014,Luxembourg,25
2014,Lithuania,20
2014,Liechtenstein,0
2014,Lebanon,15
2014,Latvia,10
2014,Laos,0
2014,Kuwait,10
2014,"Korea, Republic of (South)",125
2014,Kenya,35
2014,Kazakhstan,5
2014,Jordan,5
2014,Jersey,10
2014,Japan,95
2014,Jamaica,10
2014,Italy,250
2014,Israel,30
2014,Isle of Man,10
2014,Ireland,115
2014,Iraq,0
2014,Iran,10
2014,Indonesia,30
2014,India,280
2014,Iceland,5
2014,Hungary,20
2014,Hong Kong (SAR),240
2014,Guernsey,5
2014,Greenland,0
2014,Greece,85
2014,Gibraltar,5
2014,Ghana,15
2014,Germany,680
2014,Georgia,0
2014,France,235
2014,Finland,30
2014,Fiji,0
2014,Falkland Islands,0
2014,Ethiopia,0
2014,Eswatini,0
2014,Estonia,10
2014,El Salvador,0
2014,Egypt,20
2014,Ecuador,5
2014,Dominican Republic,5
2014,Denmark,55
2014,Czech Republic,35
2014,Cyprus,25
2014,Croatia,20
2014,Costa Rica,5
2014,Congo (Democratic Republic),0
2014,Colombia,30
2014,China,645
2014,Chile,30
2014,Cayman Islands,0
2014,Canada,380
2014,Cameroon,0
2014,Burundi,0
2014,Bulgaria,55
2014,Brunei,10
2014,Brazil,55
2014,Botswana,5
2014,Bosnia and Herzegovina,5
2014,Bolivia,0
2014,Bermuda,5
2014,Belgium,85
2014,Belarus,10
2014,Barbados,0
2014,Bangladesh,10
2014,Bahrain,5
2014,Bahamas,0
2014,Azerbaijan,5
2014,Austria,75
2014,Australia,335
2014,Armenia,10
2014,Argentina,10
2014,Albania,5
2014,Afghanistan,5
2019,Zimbabwe,20
2019,Zambia,10
2019,Vietnam,20
2019,Venezuela,5
2019,Uzbekistan,0
2019,Uruguay,5
2019,United States Virgin Islands,0
2019,United States of America,1730
2019,United Arab Emirates,75
2019,Ukraine,15
2019,Uganda,10
2019,Turkmenistan,0
2019,Turkey,75
2019,Trinidad and Tobago,10
2019,Togo,0
2019,Thailand,70
2019,Tanzania,5
2019,Taiwan,40
2019,Syria,5
2019,Switzerland,195
2019,Sweden,60
2019,Sudan,5
2019,St Lucia,0
2019,Sri Lanka,15
2019,Spain,145
2019,South Africa,135
2019,Somalia,0
2019,Slovenia,15
2019,Slovakia,30
2019,Singapore,340
2019,Sierra Leone,0
2019,Seychelles,0
2019,Serbia,25
2019,Senegal,0
2019,Saudi Arabia,55
2019,Rwanda,0
2019,Russia (Russian Federation),85
2019,Romania,165
2019,Qatar,15
2019,Puerto Rico,0
2019,Portugal,40
2019,Poland,165
2019,Philippines,25
2019,Peru,20
2019,Paraguay,5
2019,Papua New Guinea,0
2019,Panama,5
2019,Palestinian Territories,5
2019,Pakistan,80
2019,Oman,5
2019,Norway,70
2019,North Macedonia,5
2019,Nigeria,55
2019,New Zealand,75
2019,Netherlands,190
2019,Nepal,5
2019,Namibia,5
2019,Myanmar (Burma),10
2019,Mozambique,5
2019,Morocco,10
2019,Montenegro,0
2019,Mongolia,0
2019,Monaco,0
2019,Mexico,55
2019,Mauritius,10
2019,Malta,5
2019,Maldives,0
2019,Malaysia,110
2019,Malawi,5
2019,Macao (SAR),10
2019,Luxembourg,30
2019,Lithuania,30
2019,Liberia,5
2019,Lesotho,0
2019,Lebanon,15
2019,Latvia,10
2019,Laos,5
2019,Kuwait,5
2019,Kosovo,0
2019,"Korea, Republic of (South)",120
2019,"Korea, DPR of (North)",0
2019,Kenya,40
2019,Kazakhstan,15
2019,Jordan,10
2019,Jersey,25
2019,Japan,105
2019,Jamaica,5
2019,Ivory Coast,0
2019,Italy,295
2019,Israel,45
2019,Isle of Man,5
2019,Ireland,150
2019,Iran,15
2019,Indonesia,65
2019,India,310
2019,Iceland,15
2019,Hungary,40
2019,Hong Kong (SAR),340
2019,Haiti,0
2019,Guinea,0
2019,Guernsey,15
2019,Guatemala,5
2019,Guam,0
2019,Grenada,0
2019,Greece,105
2019,Gibraltar,5
2019,Ghana,30
2019,Germany,705
2019,Georgia,0
2019,Gambia,0
2019,France,240
2019,Finland,40
2019,Ethiopia,5
2019,Eswatini,0
2019,Estonia,15
2019,Eritrea,0
2019,El Salvador,0
2019,Egypt,25
2019,Ecuador,10
2019,Denmark,55
2019,Czech Republic,50
2019,Cyprus,25
2019,Croatia,10
2019,Costa Rica,5
2019,Congo (Republic of),0
2019,Congo (Democratic Republic),0
2019,Colombia,30
2019,China,1240
2019,Chile,35
2019,Cayman Islands,5
2019,Canada,385
2019,Cameroon,5
2019,Burundi,0
2019,Bulgaria,65
2019,Brunei,10
2019,British Virgin Islands,0
2019,Brazil,80
2019,Botswana,5
2019,Bosnia and Herzegovina,0
2019,Bolivia,5
2019,Bhutan,0
2019,Bermuda,5
2019,Belgium,100
2019,Belarus,0
2019,Barbados,0
2019,Bangladesh,30
2019,Bahrain,5
2019,Bahamas,0
2019,Azerbaijan,5
2019,Austria,100
2019,Australia,340
2019,Armenia,10
2019,Argentina,15
2019,Angola,10
2019,Algeria,0
2019,Albania,5
2019,Afghanistan,0
2007,Zimbabwe,10
2007,Zambia,10
2007,Yemen,5
2007,Vietnam,10
2007,Venezuela,5
2007,Uzbekistan,0
2007,United States of America,1400
2007,United Arab Emirates,10
2007,Ukraine,10
2007,Uganda,5
2007,Turkey,30
2007,Tunisia,0
2007,Trinidad and Tobago,5
2007,Thailand,55
2007,Tanzania,5
2007,Tajikistan,0
2007,Taiwan,80
2007,Syria,0
2007,Switzerland,80
2007,Sweden,50
2007,St Lucia,0
2007,Sri Lanka,20
2007,Spain,45
2007,South Africa,85
2007,Slovenia,15
2007,Slovakia,15
2007,Singapore,115
2007,Senegal,0
2007,Saudi Arabia,10
2007,Rwanda,0
2007,Russia (Russian Federation),55
2007,Romania,25
2007,Puerto Rico,0
2007,Portugal,45
2007,Poland,80
2007,Philippines,10
2007,Peru,10
2007,Paraguay,0
2007,Panama,0
2007,Palestinian Territories,0
2007,Pakistan,60
2007,Norway,20
2007,North Macedonia,5
2007,Nigeria,5
2007,New Zealand,50
2007,Netherlands,75
2007,Nepal,5
2007,Namibia,0
2007,Myanmar (Burma),0
2007,Morocco,5
2007,Mongolia,0
2007,Moldova,5
2007,Mexico,55
2007,Mauritius,0
2007,Malta,5
2007,Malaysia,90
2007,Luxembourg,15
2007,Lithuania,5
2007,Libya,0
2007,Lebanon,15
2007,Latvia,10
2007,Kyrgyzstan,5
2007,Kuwait,5
2007,"Korea, Republic of (South)",90
2007,Kenya,20
2007,Kazakhstan,10
2007,Jordan,5
2007,Jersey,5
2007,Japan,95
2007,Jamaica,5
2007,Italy,110
2007,Israel,30
2007,Isle of Man,15
2007,Ireland,95
2007,Iran,15
2007,Indonesia,5
2007,India,210
2007,Iceland,5
2007,Hungary,20
2007,Hong Kong (SAR),210
2007,Guernsey,0
2007,Guam,0
2007,Greenland,0
2007,Greece,130
2007,Gibraltar,5
2007,Ghana,10
2007,Germany,535
2007,Georgia,5
2007,Gambia,0
2007,France,175
2007,Finland,35
2007,Federated States of Micronesia,0
2007,Estonia,10
2007,El Salvador,0
2007,Egypt,15
2007,Ecuador,0
2007,Dominican Republic,0
2007,Denmark,30
2007,Czech Republic,20
2007,Cyprus,45
2007,Cuba,0
2007,Croatia,15
2007,Costa Rica,5
2007,Congo (Democratic Republic),0
2007,Colombia,15
2007,China,550
2007,Chile,15
2007,Cayman Islands,0
2007,Canada,295
2007,Cameroon,5
2007,Bulgaria,35
2007,Brunei,10
2007,Brazil,20
2007,Botswana,5
2007,Bosnia and Herzegovina,10
2007,Bolivia,5
2007,Bermuda,5
2007,Belgium,65
2007,Belarus,10
2007,Barbados,0
2007,Bangladesh,10
2007,Bahrain,5
2007,Bahamas,0
2007,Azerbaijan,5
2007,Austria,50
2007,Australia,205
2007,Armenia,5
2007,Argentina,10
2007,Algeria,5
2007,Albania,0
2007,Afghanistan,0
2010,Zimbabwe,15
2010,Zambia,10
2010,Yemen,0
2010,Vietnam,15
2010,Venezuela,5
2010,Vanuatu,0
2010,Uzbekistan,0
2010,Uruguay,5
2010,United States of America,1680
2010,United Arab Emirates,15
2010,Ukraine,15
2010,Uganda,5
2010,Turkey,50
2010,Trinidad and Tobago,10
2010,Thailand,60
2010,Tanzania,0
2010,Tajikistan,0
2010,Taiwan,55
2010,Syria,0
2010,Switzerland,115
2010,Sweden,60
2010,Sudan,0
2010,St Vincent and The Grenadines,0
2010,Sri Lanka,15
2010,Spain,80
2010,South Africa,110
2010,Slovenia,20
2010,Slovakia,25
2010,Singapore,195
2010,Saudi Arabia,30
2010,Rwanda,0
2010,Russia (Russian Federation),55
2010,Romania,65
2010,Qatar,5
2010,Puerto Rico,0
2010,Portugal,50
2010,Poland,115
2010,Philippines,15
2010,Peru,5
2010,Panama,0
2010,Palestinian Territories,0
2010,Pakistan,60
2010,Oman,0
2010,Norway,35
2010,North Macedonia,5
2010,Nigeria,20
2010,New Zealand,55
2010,Netherlands,120
2010,Nepal,10
2010,Namibia,5
2010,Morocco,0
2010,Mongolia,0
2010,Monaco,5
2010,Moldova,5
2010,Mexico,40
2010,Mauritius,0
2010,Malta,5
2010,Malaysia,130
2010,Malawi,5
2010,Macao (SAR),0
2010,Luxembourg,15
2010,Lithuania,15
2010,Libya,0
2010,Lebanon,20
2010,Latvia,10
2010,Kyrgyzstan,0
2010,Kuwait,5
2010,"Korea, Republic of (South)",105
2010,Kenya,20
2010,Kazakhstan,5
2010,Jordan,10
2010,Jersey,15
2010,Japan,65
2010,Jamaica,5
2010,Italy,170
2010,Israel,40
2010,Isle of Man,10
2010,Ireland,125
2010,Iraq,0
2010,Iran,15
2010,Indonesia,10
2010,India,255
2010,Iceland,5
2010,Hungary,20
2010,Hong Kong (SAR),200
2010,Honduras,0
2010,Guyana,0
2010,Guernsey,5
2010,Guatemala,0
2010,Greece,145
2010,Gibraltar,5
2010,Ghana,10
2010,Germany,635
2010,Georgia,5
2010,France,200
2010,Finland,30
2010,Ethiopia,0
2010,Eswatini,0
2010,Estonia,15
2010,Egypt,15
2010,Ecuador,0
2010,Dominican Republic,0
2010,Dominica,0
2010,Denmark,40
2010,Czech Republic,25
2010,Cyprus,60
2010,Croatia,10
2010,Costa Rica,0
2010,Congo (Democratic Republic),0
2010,Colombia,15
2010,China,535
2010,Chile,30
2010,Cayman Islands,0
2010,Canada,405
2010,Cameroon,0
2010,Cambodia,0
2010,Bulgaria,45
2010,Brunei,10
2010,Brazil,25
2010,Botswana,5
2010,Bosnia and Herzegovina,0
2010,Bolivia,5
2010,Bermuda,5
2010,Belgium,60
2010,Belarus,5
2010,Barbados,0
2010,Bangladesh,10
2010,Bahrain,5
2010,Bahamas,0
2010,Azerbaijan,5
2010,Austria,60
2010,Australia,275
2010,Armenia,5
2010,Argentina,10
2010,Antigua and Barbuda,0
2010,Angola,0
2010,Albania,5
2010,Afghanistan,0
2012,Zimbabwe,15
2012,Zambia,10
2012,Yemen,5
2012,Vietnam,20
2012,Venezuela,5
2012,Uruguay,0
2012,United States of America,1615
2012,United Arab Emirates,25
2012,Ukraine,15
2012,Uganda,5
2012,Turkey,50
2012,Trinidad and Tobago,5
2012,Thailand,65
2012,Tanzania,0
2012,Taiwan,55
2012,Syria,5
2012,Switzerland,120
2012,Sweden,75
2012,Sudan,5
2012,Sri Lanka,15
2012,Spain,95
2012,South Africa,120
2012,Somalia,0
2012,Slovenia,25
2012,Slovakia,30
2012,Singapore,260
2012,Seychelles,0
2012,Saudi Arabia,25
2012,Rwanda,5
2012,Russia (Russian Federation),65
2012,Romania,90
2012,Qatar,5
2012,Portugal,55
2012,Poland,125
2012,Philippines,10
2012,Peru,10
2012,Papua New Guinea,0
2012,Panama,0
2012,Palestinian Territories,5
2012,Pakistan,55
2012,Oman,0
2012,Norway,50
2012,North Macedonia,0
2012,Nigeria,30
2012,Nicaragua,0
2012,New Zealand,70
2012,Netherlands,155
2012,Nepal,5
2012,Namibia,5
2012,Myanmar (Burma),5
2012,Mozambique,0
2012,Morocco,0
2012,Mongolia,0
2012,Monaco,0
2012,Moldova,0
2012,Mexico,40
2012,Mauritius,10
2012,Malta,10
2012,Malaysia,120
2012,Malawi,0
2012,Madagascar,0
2012,Macao (SAR),0
2012,Luxembourg,20
2012,Lithuania,20
2012,Lebanon,20
2012,Latvia,5
2012,Laos,0
2012,Kyrgyzstan,0
2012,Kuwait,5
2012,Kosovo,5
2012,"Korea, Republic of (South)",115
2012,Kenya,25
2012,Kazakhstan,5
2012,Jordan,5
2012,Jersey,15
2012,Japan,90
2012,Jamaica,10
2012,Italy,205
2012,Israel,35
2012,Isle of Man,10
2012,Ireland,135
2012,Iran,20
2012,Indonesia,15
2012,India,235
2012,Iceland,5
2012,Hungary,30
2012,Hong Kong (SAR),220
2012,Guernsey,5
2012,Guatemala,0
2012,Greenland,0
2012,Greece,110
2012,Gibraltar,5
2012,Ghana,10
2012,Germany,675
2012,Georgia,10
2012,France,215
2012,Finland,30
2012,Ethiopia,5
2012,Estonia,10
2012,Egypt,20
2012,Ecuador,5
2012,Dominican Republic,0
2012,Dominica,0
2012,Denmark,55
2012,Czech Republic,30
2012,Cyprus,35
2012,CuraÃ§ao,0
2012,Croatia,15
2012,Costa Rica,0
2012,Congo (Democratic Republic),0
2012,Colombia,15
2012,China,645
2012,Chile,30
2012,Cayman Islands,5
2012,Canada,415
2012,Cameroon,0
2012,Burundi,0
2012,Bulgaria,50
2012,Brunei,10
2012,Brazil,40
2012,Botswana,5
2012,Bosnia and Herzegovina,10
2012,Bolivia,0
2012,Bermuda,5
2012,Belgium,75
2012,Belarus,10
2012,Bangladesh,10
2012,Bahrain,5
2012,Azerbaijan,0
2012,Austria,75
2012,Australia,330
2012,Armenia,10
2012,Argentina,5
2012,Antigua and Barbuda,0
2012,Angola,0
2012,Albania,10
2012,Afghanistan,0
2022,Zimbabwe,25
2022,Zambia,10
2022,Vietnam,35
2022,Venezuela,5
2022,Uzbekistan,5
2022,Uruguay,5
2022,United States Virgin Islands,5
2022,United States of America,1900
2022,United Arab Emirates,85
2022,Ukraine,40
2022,Uganda,15
2022,Turkmenistan,0
2022,Turkey,105
2022,Tunisia,0
2022,Trinidad and Tobago,10
2022,Tonga,0
2022,Togo,0
2022,Thailand,60
2022,Tanzania,10
2022,Tajikistan,0
2022,Taiwan,55
2022,Switzerland,190
2022,Sweden,50
2022,Sudan,10
2022,St Lucia,0
2022,Sri Lanka,25
2022,Spain,140
2022,South Sudan,0
2022,South Africa,150
2022,Slovenia,15
2022,Slovakia,25
2022,Singapore,345
2022,Sierra Leone,0
2022,Serbia,15
2022,Senegal,5
2022,Saudi Arabia,70
2022,Rwanda,5
2022,Russia (Russian Federation),95
2022,Romania,130
2022,Qatar,15
2022,Puerto Rico,5
2022,Portugal,35
2022,Poland,165
2022,Philippines,30
2022,Peru,30
2022,Panama,5
2022,Palestinian Territories,5
2022,Pakistan,70
2022,Oman,0
2022,Norway,55
2022,North Macedonia,5
2022,Nigeria,100
2022,New Zealand,70
2022,Netherlands,150
2022,Nepal,15
2022,Namibia,0
2022,Myanmar (Burma),15
2022,Mozambique,5
2022,Morocco,10
2022,Mongolia,5
2022,Monaco,0
2022,Mexico,50
2022,Mauritius,5
2022,Mauritania,0
2022,Malta,5
2022,Maldives,0
2022,Malaysia,110
2022,Malawi,10
2022,Madagascar,0
2022,Macao (SAR),10
2022,Luxembourg,25
2022,Lithuania,25
2022,Libya,0
2022,Liberia,0
2022,Lesotho,0
2022,Lebanon,20
2022,Latvia,5
2022,Laos,5
2022,Kyrgyzstan,0
2022,Kuwait,5
2022,Kosovo,0
2022,"Korea, Republic of (South)",135
2022,"Korea, DPR of (North)",0
2022,Kenya,45
2022,Kazakhstan,5
2022,Jordan,10
2022,Jersey,30
2022,Japan,105
2022,Jamaica,5
2022,Italy,255
2022,Israel,40
2022,Isle of Man,15
2022,Ireland,160
2022,Iraq,0
2022,Iran,15
2022,Indonesia,85
2022,India,495
2022,Iceland,5
2022,Hungary,35
2022,Hong Kong (SAR),405
2022,Honduras,0
2022,Guyana,0
2022,Guernsey,20
2022,Guatemala,0
2022,Greece,95
2022,Gibraltar,5
2022,Ghana,35
2022,Germany,685
2022,Georgia,5
2022,Gambia,5
2022,France,250
2022,Finland,25
2022,Fiji,0
2022,Ethiopia,5
2022,Eswatini,0
2022,Estonia,10
2022,Eritrea,0
2022,El Salvador,0
2022,Egypt,25
2022,Ecuador,5
2022,East Timor (Timor-Leste),0
2022,Dominican Republic,0
2022,Djibouti,0
2022,Denmark,55
2022,Czech Republic,65
2022,Cyprus,25
2022,Croatia,10
2022,Costa Rica,5
2022,Congo (Democratic Republic),5
2022,Colombia,30
2022,China,1755
2022,Chile,40
2022,Canada,500
2022,Cameroon,5
2022,Cambodia,0
2022,Burundi,5
2022,Burkina Faso,0
2022,Bulgaria,45
2022,Brunei,5
2022,British Virgin Islands,0
2022,Brazil,60
2022,Botswana,5
2022,Bosnia and Herzegovina,5
2022,Bolivia,0
2022,Bermuda,5
2022,Benin,0
2022,Belgium,90
2022,Belarus,5
2022,Barbados,5
2022,Bangladesh,50
2022,Bahrain,5
2022,Bahamas,0
2022,Azerbaijan,10
2022,Austria,70
2022,Australia,415
2022,Armenia,5
2022,Argentina,10
2022,Angola,5
2022,Albania,0
2022,Afghanistan,5
2015,Zimbabwe,15
2015,Zambia,5
2015,Yemen,0
2015,Vietnam,25
2015,Venezuela,5
2015,Uzbekistan,5
2015,Uruguay,5
2015,United States of America,1585
2015,United Arab Emirates,40
2015,Ukraine,25
2015,Uganda,5
2015,Turkey,65
2015,Tunisia,0
2015,Trinidad and Tobago,5
2015,Tonga,0
2015,Thailand,65
2015,Tanzania,5
2015,Taiwan,50
2015,Syria,5
2015,Switzerland,145
2015,Sweden,70
2015,Sudan,0
2015,Sri Lanka,15
2015,Spain,125
2015,South Africa,145
2015,Slovenia,25
2015,Slovakia,25
2015,Singapore,325
2015,Sierra Leone,0
2015,Serbia,15
2015,Senegal,0
2015,Saudi Arabia,25
2015,Rwanda,0
2015,Russia (Russian Federation),55
2015,Romania,110
2015,Qatar,10
2015,Puerto Rico,0
2015,Portugal,50
2015,Poland,140
2015,Philippines,20
2015,Peru,15
2015,Paraguay,0
2015,Papua New Guinea,5
2015,Panama,5
2015,Palestinian Territories,5
2015,Pakistan,55
2015,Oman,0
2015,Norway,40
2015,North Macedonia,5
2015,Nigeria,40
2015,New Zealand,80
2015,Netherlands,190
2015,Nepal,5
2015,Namibia,5
2015,Myanmar (Burma),5
2015,Mozambique,0
2015,Morocco,5
2015,Montenegro,0
2015,Mongolia,5
2015,Moldova,0
2015,Mexico,35
2015,Mauritius,10
2015,Malta,5
2015,Mali,0
2015,Maldives,0
2015,Malaysia,120
2015,Malawi,0
2015,Madagascar,0
2015,Macao (SAR),5
2015,Luxembourg,25
2015,Lithuania,25
2015,Liechtenstein,0
2015,Libya,0
2015,Liberia,5
2015,Lebanon,15
2015,Latvia,10
2015,Laos,0
2015,Kuwait,5
2015,"Korea, Republic of (South)",130
2015,Kenya,30
2015,Kazakhstan,5
2015,Jordan,5
2015,Jersey,10
2015,Japan,90
2015,Jamaica,10
2015,Italy,285
2015,Israel,25
2015,Isle of Man,10
2015,Ireland,110
2015,Iraq,0
2015,Iran,15
2015,Indonesia,35
2015,India,310
2015,Iceland,10
2015,Hungary,25
2015,Hong Kong (SAR),275
2015,Guernsey,15
2015,Guatemala,0
2015,Greenland,0
2015,Greece,115
2015,Gibraltar,5
2015,Ghana,15
2015,Germany,705
2015,Georgia,5
2015,France,265
2015,Finland,35
2015,Ethiopia,0
2015,Eswatini,0
2015,Estonia,10
2015,El Salvador,0
2015,Egypt,25
2015,Ecuador,5
2015,Dominican Republic,0
2015,Dominica,0
2015,Denmark,60
2015,Czech Republic,40
2015,Cyprus,30
2015,Croatia,20
2015,Costa Rica,5
2015,Congo (Democratic Republic),0
2015,Colombia,25
2015,China,780
2015,Chile,25
2015,Cayman Islands,0
2015,Canada,375
2015,Cameroon,0
2015,Cambodia,0
2015,Burundi,0
2015,Bulgaria,50
2015,Brunei,5
2015,Brazil,80
2015,Botswana,5
2015,Bosnia and Herzegovina,0
2015,Bolivia,0
2015,Bhutan,0
2015,Bermuda,10
2015,Belgium,85
2015,Belarus,5
2015,Barbados,0
2015,Bangladesh,20
2015,Bahrain,5
2015,Azerbaijan,5
2015,Austria,85
2015,Australia,335
2015,Armenia,5
2015,Argentina,5
2015,Angola,0
2015,Albania,5
2015,Afghanistan,0
2009,Zimbabwe,15
2009,Zambia,10
2009,Yemen,0
2009,Vietnam,10
2009,Venezuela,5
2009,Uzbekistan,0
2009,Uruguay,0
2009,United States of America,1520
2009,United Arab Emirates,10
2009,Ukraine,15
2009,Uganda,0
2009,Turkey,50
2009,Trinidad and Tobago,10
2009,Tonga,0
2009,Thailand,65
2009,Tanzania,5
2009,Tajikistan,0
2009,Taiwan,70
2009,Syria,0
2009,Switzerland,105
2009,Sweden,65
2009,Sudan,0
2009,Sri Lanka,15
2009,Spain,70
2009,South Africa,105
2009,Slovenia,10
2009,Slovakia,25
2009,Singapore,180
2009,Saudi Arabia,15
2009,Russia (Russian Federation),55
2009,Romania,50
2009,Qatar,5
2009,Puerto Rico,0
2009,Portugal,55
2009,Poland,105
2009,Philippines,10
2009,Peru,5
2009,Pakistan,65
2009,Oman,0
2009,Norway,30
2009,North Macedonia,5
2009,Nigeria,15
2009,New Zealand,65
2009,Netherlands,125
2009,Nepal,5
2009,Namibia,0
2009,Morocco,0
2009,Mongolia,5
2009,Monaco,0
2009,Moldova,5
2009,Mexico,40
2009,Mauritius,0
2009,Malta,5
2009,Malaysia,110
2009,Malawi,0
2009,Madagascar,0
2009,Luxembourg,20
2009,Lithuania,15
2009,Libya,0
2009,Lebanon,20
2009,Latvia,10
2009,Kuwait,5
2009,"Korea, Republic of (South)",95
2009,Kenya,30
2009,Kazakhstan,5
2009,Jordan,10
2009,Jersey,20
2009,Japan,85
2009,Jamaica,5
2009,Italy,140
2009,Israel,35
2009,Isle of Man,10
2009,Ireland,100
2009,Iraq,0
2009,Iran,15
2009,Indonesia,5
2009,India,220
2009,Iceland,5
2009,Hungary,25
2009,Hong Kong (SAR),210
2009,Guernsey,5
2009,Guatemala,0
2009,Greece,130
2009,Gibraltar,5
2009,Ghana,10
2009,Germany,620
2009,Georgia,5
2009,Gambia,0
2009,France,185
2009,Finland,30
2009,Fiji,0
2009,Ethiopia,0
2009,Eswatini,0
2009,Estonia,10
2009,El Salvador,0
2009,Egypt,20
2009,Ecuador,0
2009,Dominican Republic,5
2009,Denmark,35
2009,Czech Republic,20
2009,Cyprus,55
2009,Croatia,10
2009,Costa Rica,0
2009,Congo (Democratic Republic),0
2009,Colombia,10
2009,China,515
2009,Chile,25
2009,Cayman Islands,0
2009,Canada,370
2009,Cameroon,0
2009,Bulgaria,35
2009,Brunei,10
2009,Brazil,20
2009,Botswana,0
2009,Bosnia and Herzegovina,0
2009,Bolivia,5
2009,Bhutan,0
2009,Bermuda,0
2009,Belize,0
2009,Belgium,60
2009,Belarus,5
2009,Barbados,0
2009,Bangladesh,10
2009,Bahrain,5
2009,Bahamas,0
2009,Azerbaijan,5
2009,Austria,55
2009,Australia,265
2009,Armenia,5
2009,Argentina,10
2009,Algeria,0
2009,Albania,5
2009,Afghanistan,0
2013,Zimbabwe,15
2013,Zambia,5
2013,Yemen,0
2013,Vietnam,20
2013,Venezuela,10
2013,Uruguay,0
2013,United States of America,1615
2013,United Arab Emirates,30
2013,Ukraine,20
2013,Uganda,0
2013,Turkey,55
2013,Trinidad and Tobago,10
2013,Thailand,65
2013,Tanzania,0
2013,Taiwan,60
2013,Syria,5
2013,Switzerland,140
2013,Sweden,60
2013,Suriname,0
2013,Sudan,5
2013,Sri Lanka,10
2013,Spain,115
2013,South Africa,120
2013,Slovenia,25
2013,Slovakia,30
2013,Singapore,260
2013,Senegal,0
2013,Saudi Arabia,20
2013,Rwanda,0
2013,Russia (Russian Federation),55
2013,Romania,90
2013,Qatar,5
2013,Portugal,50
2013,Poland,135
2013,Philippines,10
2013,Peru,5
2013,Panama,0
2013,Palestinian Territories,5
2013,Pakistan,60
2013,Oman,5
2013,Norway,50
2013,North Macedonia,5
2013,Nigeria,45
2013,Nicaragua,0
2013,New Zealand,70
2013,Netherlands,160
2013,Nepal,5
2013,Namibia,5
2013,Myanmar (Burma),5
2013,Mozambique,0
2013,Morocco,0
2013,Mongolia,0
2013,Monaco,0
2013,Moldova,0
2013,Mexico,35
2013,Mauritius,10
2013,Malta,10
2013,Malaysia,115
2013,Malawi,0
2013,Madagascar,0
2013,Macao (SAR),5
2013,Luxembourg,20
2013,Lithuania,20
2013,Liechtenstein,0
2013,Libya,0
2013,Liberia,0
2013,Lebanon,20
2013,Latvia,10
2013,Laos,0
2013,Kyrgyzstan,0
2013,Kuwait,5
2013,"Korea, Republic of (South)",130
2013,Kenya,25
2013,Kazakhstan,10
2013,Jordan,5
2013,Jersey,15
2013,Japan,70
2013,Jamaica,10
2013,Italy,215
2013,Israel,40
2013,Isle of Man,5
2013,Ireland,125
2013,Iraq,0
2013,Iran,15
2013,Indonesia,30
2013,India,280
2013,Iceland,5
2013,Hungary,20
2013,Hong Kong (SAR),225
2013,Guyana,0
2013,Guernsey,5
2013,Guatemala,0
2013,Greenland,0
2013,Greece,105
2013,Gibraltar,5
2013,Ghana,15
2013,Germany,655
2013,Georgia,5
2013,France,225
2013,Finland,35
2013,Fiji,0
2013,Ethiopia,5
2013,Estonia,15
2013,Egypt,20
2013,Ecuador,5
2013,Dominican Republic,0
2013,Denmark,45
2013,Czech Republic,35
2013,Cyprus,30
2013,Croatia,15
2013,Costa Rica,5
2013,Congo (Democratic Republic),0
2013,Colombia,15
2013,China,680
2013,Chile,30
2013,Cayman Islands,0
2013,Canada,385
2013,Cameroon,0
2013,Burundi,0
2013,Bulgaria,55
2013,Brunei,10
2013,Brazil,55
2013,Botswana,5
2013,Bosnia and Herzegovina,5
2013,Bolivia,0
2013,Bhutan,0
2013,Bermuda,10
2013,Belgium,85
2013,Belarus,10
2013,Bangladesh,15
2013,Bahrain,5
2013,Bahamas,0
2013,Azerbaijan,0
2013,Austria,70
2013,Australia,315
2013,Armenia,10
2013,Argentina,5
2013,Antigua and Barbuda,0
2013,Angola,0
2013,Albania,5
2013,Afghanistan,5
2011,Zimbabwe,15
2011,Zambia,10
2011,Yemen,0
2011,Vietnam,20
2011,Venezuela,5
2011,Uzbekistan,0
2011,Uruguay,5
2011,United States of America,1695
2011,United Arab Emirates,25
2011,Ukraine,10
2011,Uganda,5
2011,Turkey,50
2011,Tunisia,0
2011,Trinidad and Tobago,10
2011,Tonga,0
2011,Thailand,65
2011,Tanzania,0
2011,Tajikistan,0
2011,Taiwan,60
2011,Syria,5
2011,Switzerland,120
2011,Sweden,70
2011,Sudan,0
2011,St Vincent and The Grenadines,0
2011,Sri Lanka,15
2011,Spain,85
2011,South Africa,125
2011,Slovenia,25
2011,Slovakia,35
2011,Singapore,230
2011,Seychelles,0
2011,Saudi Arabia,30
2011,Rwanda,0
2011,Russia (Russian Federation),65
2011,Romania,80
2011,Qatar,5
2011,Portugal,70
2011,Poland,115
2011,Philippines,10
2011,Peru,5
2011,Panama,0
2011,Palestinian Territories,5
2011,Pakistan,70
2011,Oman,5
2011,Norway,45
2011,North Macedonia,0
2011,Nigeria,35
2011,New Zealand,60
2011,Netherlands,135
2011,Nepal,10
2011,Namibia,5
2011,Mozambique,0
2011,Morocco,0
2011,Mongolia,0
2011,Monaco,5
2011,Moldova,0
2011,Mexico,40
2011,Mauritius,5
2011,Malta,10
2011,Malaysia,110
2011,Malawi,5
2011,Macao (SAR),0
2011,Luxembourg,15
2011,Lithuania,20
2011,Lebanon,15
2011,Latvia,10
2011,Kyrgyzstan,0
2011,Kuwait,5
2011,Kosovo,0
2011,"Korea, Republic of (South)",115
2011,Kenya,20
2011,Kazakhstan,10
2011,Jordan,5
2011,Jersey,15
2011,Japan,75
2011,Jamaica,10
2011,Italy,185
2011,Israel,35
2011,Isle of Man,10
2011,Ireland,135
2011,Iran,20
2011,Indonesia,15
2011,India,260
2011,Iceland,5
2011,Hungary,30
2011,Hong Kong (SAR),205
2011,Guyana,0
2011,Guernsey,10
2011,Guatemala,0
2011,Greenland,0
2011,Greece,125
2011,Gibraltar,5
2011,Ghana,10
2011,Germany,670
2011,Georgia,10
2011,France,215
2011,Finland,35
2011,Ethiopia,5
2011,Eswatini,0
2011,Estonia,20
2011,Egypt,15
2011,Ecuador,0
2011,Dominican Republic,0
2011,Dominica,0
2011,Denmark,45
2011,Czech Republic,30
2011,Cyprus,45
2011,Croatia,10
2011,Costa Rica,0
2011,Congo (Democratic Republic),0
2011,Colombia,20
2011,China,595
2011,Chile,35
2011,Cayman Islands,5
2011,Canada,435
2011,Cameroon,0
2011,Burundi,0
2011,Bulgaria,55
2011,Brunei,10
2011,Brazil,30
2011,Botswana,5
2011,Bosnia and Herzegovina,5
2011,Bolivia,5
2011,Bermuda,5
2011,Belgium,70
2011,Belarus,10
2011,Barbados,0
2011,Bangladesh,15
2011,Bahrain,5
2011,Azerbaijan,5
2011,Austria,70
2011,Australia,300
2011,Armenia,5
2011,Argentina,10
2011,Antigua and Barbuda,0
2011,Angola,0
2011,Algeria,0
2011,Albania,5
2011,Afghanistan,0
2023,Zimbabwe,20
2023,Zambia,20
2023,Vietnam,40
2023,Venezuela,0
2023,Uzbekistan,10
2023,Uruguay,5
2023,United States Virgin Islands,0
2023,United States of America,2025
2023,United Arab Emirates,100
2023,Ukraine,35
2023,Uganda,20
2023,Turkmenistan,0
2023,Turkey,110
2023,Tunisia,0
2023,Trinidad and Tobago,10
2023,Togo,0
2023,Thailand,80
2023,Tanzania,10
2023,Tajikistan,0
2023,Taiwan,65
2023,Syria,5
2023,Switzerland,225
2023,Sweden,45
2023,Sudan,15
2023,St Vincent and The Grenadines,0
2023,St Lucia,0
2023,St Kitts and Nevis,0
2023,Sri Lanka,25
2023,Spain,160
2023,South Sudan,0
2023,South Africa,160
2023,Somalia,0
2023,Slovenia,15
2023,Slovakia,30
2023,Singapore,405
2023,Sierra Leone,5
2023,Seychelles,0
2023,Serbia,15
2023,Senegal,0
2023,Saudi Arabia,70
2023,Rwanda,0
2023,Russia (Russian Federation),85
2023,Romania,110
2023,Qatar,20
2023,Portugal,30
2023,Poland,140
2023,Philippines,30
2023,Peru,35
2023,Papua New Guinea,0
2023,Panama,0
2023,Palestinian Territories,5
2023,Pakistan,90
2023,Oman,0
2023,Norway,65
2023,North Macedonia,5
2023,Nigeria,90
2023,Nicaragua,0
2023,New Zealand,75
2023,Netherlands,140
2023,Nepal,15
2023,Namibia,5
2023,Myanmar (Burma),10
2023,Mozambique,5
2023,Morocco,10
2023,Mongolia,5
2023,Monaco,5
2023,Moldova,0
2023,Mexico,45
2023,Mauritius,5
2023,Mauritania,0
2023,Malta,5
2023,Maldives,0
2023,Malaysia,95
2023,Malawi,10
2023,Madagascar,0
2023,Macao (SAR),10
2023,Luxembourg,35
2023,Lithuania,25
2023,Libya,0
2023,Liberia,0
2023,Lesotho,0
2023,Lebanon,30
2023,Latvia,5
2023,Laos,0
2023,Kyrgyzstan,0
2023,Kuwait,10
2023,"Korea, Republic of (South)",125
2023,Kenya,55
2023,Kazakhstan,10
2023,Jordan,10
2023,Jersey,30
2023,Japan,115
2023,Jamaica,10
2023,Italy,250
2023,Israel,50
2023,Isle of Man,15
2023,Ireland,150
2023,Iraq,5
2023,Iran,15
2023,Indonesia,100
2023,India,550
2023,Iceland,5
2023,Hungary,40
2023,Hong Kong (SAR),395
2023,Honduras,0
2023,Guyana,0
2023,Guernsey,20
2023,Guatemala,5
2023,Greece,75
2023,Gibraltar,5
2023,Ghana,30
2023,Germany,665
2023,Georgia,5
2023,Gambia,0
2023,Gabon,0
2023,French Guiana,0
2023,France,280
2023,Finland,35
2023,Fiji,5
2023,Ethiopia,5
2023,Eswatini,0
2023,Estonia,10
2023,Eritrea,5
2023,El Salvador,0
2023,Egypt,20
2023,Ecuador,5
2023,East Timor (Timor-Leste),0
2023,Dominican Republic,5
2023,Djibouti,0
2023,Denmark,50
2023,Czech Republic,65
2023,Cyprus,35
2023,Croatia,15
2023,Costa Rica,10
2023,Congo (Democratic Republic),0
2023,Colombia,30
2023,China,2035
2023,Chile,40
2023,Canada,530
2023,Cameroon,5
2023,Cambodia,0
2023,Burundi,0
2023,Burkina Faso,0
2023,Bulgaria,35
2023,Brunei,5
2023,British Virgin Islands,0
2023,Brazil,60
2023,Botswana,5
2023,Bosnia and Herzegovina,5
2023,Bolivia,5
2023,Bhutan,0
2023,Bermuda,5
2023,Benin,0
2023,Belgium,95
2023,Belarus,5
2023,Barbados,5
2023,Bangladesh,50
2023,Bahrain,15
2023,Bahamas,0
2023,Azerbaijan,10
2023,Austria,70
2023,Australia,425
2023,Armenia,10
2023,Argentina,10
2023,Antigua and Barbuda,0
2023,Angola,5
2023,Andorra,0
2023,Albania,5
2023,Afghanistan,5
