NO,Tahun,Rank,Name,Region/Country,Nama,No. of FTE Students,No. of students per staff,International Students
1,2017,1,University of Oxford,United Kingdom,United Kingdom University of Oxford,"19,720",10.9,35%
2,2017,2,California Institute of Technology,United States,United States California Institute of Technology,"2,181",6.7,27%
3,2017,3,Stanford University,United States,United States Stanford University,"15,658",7.7,22%
4,2017,4,University of Cambridge,United Kingdom,United Kingdom University of Cambridge,"18,605",11.3,35%
5,2017,5,Massachusetts Institute of Technology,United States,United States Massachusetts Institute of Technology,"11,192",8.8,33%
6,2017,6,Harvard University,United States,United States Harvard University,"19,890",8.8,25%
7,2017,7,Princeton University,United States,United States Princeton University,"7,925",8.4,23%
8,2017,8,Imperial College London,United Kingdom,United Kingdom Imperial College London,"15,235",11.3,52%
9,2017,9,ETH Zurich,Switzerland,Switzerland ETH Zurich,"18,616",14.9,37%
10,2017,10,"University of California, Berkeley",United States,"United States University of California, Berkeley","34,834",12,16%
11,2017,11,The University of Chicago,United States,United States The University of Chicago,"13,486",6.2,24%
12,2017,12,Yale University,United States,United States Yale University,"11,946",4.4,21%
13,2017,13,University of Pennsylvania,United States,United States University of Pennsylvania,"20,367",6.5,20%
14,2017,14,"University of California, Los Angeles",United States,"United States University of California, Los Angeles","38,392",9.9,16%
15,2017,15,UCL,United Kingdom,United Kingdom UCL,"28,600",10.6,47%
16,2017,16,Columbia University,United States,United States Columbia University,"25,659",6,30%
17,2017,17,Johns Hopkins University,United States,United States Johns Hopkins University,"15,303",3.5,24%
18,2017,18,Duke University,United States,United States Duke University,"15,204",4.8,17%
19,2017,19,Cornell University,United States,United States Cornell University,"21,593",9.9,19%
20,2017,20,Northwestern University,United States,United States Northwestern University,"18,570",14,16%
21,2017,21,University of Michigan-Ann Arbor,United States,United States University of Michigan-Ann Arbor,"41,912",8.8,16%
22,2017,22,University of Toronto,Canada,Canada University of Toronto,"68,093",18.8,16%
23,2017,23,Carnegie Mellon University,United States,United States Carnegie Mellon University,"12,311",13.2,38%
24,2017,24,National University of Singapore,Singapore,Singapore National University of Singapore,"31,111",16.7,32%
25,2017,25,London School of Economics and Political Science,United Kingdom,United Kingdom London School of Economics and Political Science,"9,400",11.8,70%
26,2017,26,University of Washington,United States,United States University of Washington,"45,162",11.9,15%
27,2017,27,University of Edinburgh,United Kingdom,United Kingdom University of Edinburgh,"25,280",12.5,37%
28,2017,28,Karolinska Institute,Sweden,Sweden Karolinska Institute,"7,723",11.3,23%
29,2017,29,Peking University,China,China Peking University,"42,977",8.8,15%
30,2017,30,LMU Munich,Germany,Germany LMU Munich,"36,180",15.7,14%
31,2017,31,École Polytechnique Fédérale de Lausanne,Switzerland,Switzerland École Polytechnique Fédérale de Lausanne,"9,750",11.2,54%
32,2017,32,New York University,United States,United States New York University,"43,021",6.6,25%
33,2017,33,Georgia Institute of Technology,United States,United States Georgia Institute of Technology,"19,847",19.8,26%
34,2017,34,University of Melbourne,Australia,Australia University of Melbourne,"42,273",24.8,37%
35,2017,35,Tsinghua University,China,China Tsinghua University,"41,537",14.1,10%
36,2017,36,University of British Columbia,Canada,Canada University of British Columbia,"51,889",18.2,29%
37,2017,37,University of Illinois at Urbana-Champaign,United States,United States University of Illinois at Urbana-Champaign,"43,202",18.3,22%
38,2017,38,King’s College London,United Kingdom,United Kingdom King’s College London,"21,985",11.3,38%
39,2017,39,The University of Tokyo,Japan,Japan The University of Tokyo,"26,080",7,10%
40,2017,40,KU Leuven,Belgium,Belgium KU Leuven,"46,381",41.9,16%
41,2017,41,"University of California, San Diego",United States,"United States University of California, San Diego","28,416",6.6,14%
42,2017,42,McGill University,Canada,Canada McGill University,"30,911",13.5,24%
43,2017,43,Universität Heidelberg,Germany,Germany Universität Heidelberg,"29,527",24.9,17%
44,2017,44,University of Hong Kong,Hong Kong,Hong Kong University of Hong Kong,"20,095",17.8,39%
45,2017,45,University of Wisconsin-Madison,United States,United States University of Wisconsin-Madison,"40,048",11,12%
46,2017,46,Technical University of Munich,Germany,Germany Technical University of Munich,"36,929",51.9,22%
47,2017,47,Australian National University,Australia,Australia Australian National University,"15,402",19.9,35%
48,2017,48,"University of California, Santa Barbara",United States,"United States University of California, Santa Barbara","22,267",27.4,12%
49,2017,49,The Hong Kong University of Science and Technology,Hong Kong,Hong Kong The Hong Kong University of Science and Technology,"11,960",27.3,38%
50,2017,50,University of Texas at Austin,United States,United States University of Texas at Austin,"48,689",17.2,10%
51,2017,51,Brown University,United States,United States Brown University,"8,694",10.2,20%
52,2017,52,"University of California, Davis",United States,"United States University of California, Davis","36,060",13.7,15%
53,2017,53,University of Minnesota,United States,United States University of Minnesota,"46,625",17.5,13%
54,2017,54,"Nanyang Technological University, Singapore",Singapore,"Singapore Nanyang Technological University, Singapore","25,278",16.1,32%
55,2017,55,University of Manchester,United Kingdom,United Kingdom University of Manchester,"34,015",14.4,36%
56,2017,56,University of North Carolina at Chapel Hill,United States,United States University of North Carolina at Chapel Hill,"26,412",7.5,8%
57,2017,57,Humboldt University of Berlin,Germany,Germany Humboldt University of Berlin,"31,043",54.8,17%
58,2017,58,Washington University in St Louis,United States,United States Washington University in St Louis,"12,528",5.7,17%
59,2017,59,Delft University of Technology,Netherlands,Netherlands Delft University of Technology,"16,174",18.9,25%
60,2017,60,The University of Queensland,Australia,Australia The University of Queensland,"38,892",35.4,25%
61,2017,61,University of Southern California,United States,United States University of Southern California,"38,466",13.6,23%
62,2017,62,The University of Sydney,Australia,Australia The University of Sydney,"42,678",19,29%
63,2017,63,University of Amsterdam,Netherlands,Netherlands University of Amsterdam,"25,344",14.3,10%
64,2017,64,Boston University,United States,United States Boston University,"24,714",8.4,19%
65,2017,65,Wageningen University & Research,Netherlands,Netherlands Wageningen University & Research,"9,535",15.6,23%
66,2017,66,École Normale Supérieure,France,France École Normale Supérieure,"1,548",9.6,18%
67,2017,67,"University of Maryland, College Park",United States,"United States University of Maryland, College Park","31,353",16.8,9%
68,2017,68,Penn State (Main campus),United States,United States Penn State (Main campus),"45,359",12.3,13%
69,2017,69,Erasmus University Rotterdam,Netherlands,Netherlands Erasmus University Rotterdam,"21,854",20.6,19%
70,2017,70,Purdue University West Lafayette,United States,United States Purdue University West Lafayette,"38,788",17.7,22%
71,2017,71,University of Bristol,United Kingdom,United Kingdom University of Bristol,"18,545",13.6,25%
72,2017,72,Ohio State University (Main campus),United States,United States Ohio State University (Main campus),"52,497",12.8,12%
73,2017,73,Seoul National University,South Korea,South Korea Seoul National University,"26,777",13.1,11%
74,2017,74,Monash University,Australia,Australia Monash University,"44,217",34.5,25%
75,2017,75,Free University of Berlin,Germany,Germany Free University of Berlin,"32,909",53.9,21%
76,2017,76,Chinese University of Hong Kong,Hong Kong,Hong Kong Chinese University of Hong Kong,"18,433",10.5,27%
77,2017,77,Leiden University,Netherlands,Netherlands Leiden University,"23,597",17.8,11%
78,2017,78,UNSW Sydney,Australia,Australia UNSW Sydney,"39,121",26.3,32%
79,2017,79,RWTH Aachen University,Germany,Germany RWTH Aachen University,"42,298",54.9,17%
80,2017,80,University of Groningen,Netherlands,Netherlands University of Groningen,"25,281",24.4,13%
81,2017,81,University of Pittsburgh-Pittsburgh campus,United States,United States University of Pittsburgh-Pittsburgh campus,"26,501",5.9,10%
82,2017,82,Dartmouth College,United States,United States Dartmouth College,"6,109",6.7,15%
83,2017,83,Emory University,United States,United States Emory University,"12,649",4.4,19%
84,2017,84,Technical University of Berlin,Germany,Germany Technical University of Berlin,"20,548",60.3,19%
85,2017,85,University of Warwick,United Kingdom,United Kingdom University of Warwick,"18,560",14.6,38%
86,2017,86,Utrecht University,Netherlands,Netherlands Utrecht University,"31,142",15.6,7%
87,2017,87,Rice University,United States,United States Rice University,"6,447",9,27%
88,2017,88,University of Glasgow,United Kingdom,United Kingdom University of Glasgow,"22,855",15.3,32%
89,2017,89,Korea Advanced Institute of Science and Technology (KAIST),South Korea,South Korea Korea Advanced Institute of Science and Technology (KAIST),"9,327",9.5,9%
90,2017,90,University of Tübingen,Germany,Germany University of Tübingen,"28,074",37.3,11%
91,2017,91,University of Helsinki,Finland,Finland University of Helsinki,"23,369",17,6%
92,2017,92,Kyoto University,Japan,Japan Kyoto University,"22,547",5.5,7%
93,2017,93,Uppsala University,Sweden,Sweden Uppsala University,"25,275",16.6,12%
94,2017,94,Maastricht University,Netherlands,Netherlands Maastricht University,"16,030",18.3,47%
95,2017,95,University of Freiburg,Germany,Germany University of Freiburg,"25,890",33.7,16%
96,2017,96,Durham University,United Kingdom,United Kingdom Durham University,"15,705",15.3,26%
97,2017,97,Lund University,Sweden,Sweden Lund University,"28,852",12,15%
98,2017,98,Aarhus University,Denmark,Denmark Aarhus University,"24,633",13.9,14%
99,2017,99,University of Basel,Switzerland,Switzerland University of Basel,"12,560",17.4,24%
100,2017,100,"University of California, Irvine",United States,"United States University of California, Irvine","29,304",17.2,18%
101,2018,1,University of Oxford,United Kingdom,United Kingdom University of Oxford,"20,410",11.2,38%
102,2018,2,University of Cambridge,United Kingdom,United Kingdom University of Cambridge,"18,390",10.9,35%
103,2018,3,California Institute of Technology,United States,United States California Institute of Technology,"2,209",6.5,27%
104,2018,4,Stanford University,United States,United States Stanford University,"15,845",7.5,22%
105,2018,5,Massachusetts Institute of Technology,United States,United States Massachusetts Institute of Technology,"11,177",8.7,34%
106,2018,6,Harvard University,United States,United States Harvard University,"20,326",8.9,26%
107,2018,7,Princeton University,United States,United States Princeton University,"7,955",8.3,24%
108,2018,8,Imperial College London,United Kingdom,United Kingdom Imperial College London,"15,855",11.4,55%
109,2018,9,The University of Chicago,United States,United States The University of Chicago,"13,525",6.2,25%
110,2018,10,ETH Zurich,Switzerland,Switzerland ETH Zurich,"19,233",14.6,38%
111,2018,11,University of Pennsylvania,United States,United States University of Pennsylvania,"20,361",6.5,20%
112,2018,12,Yale University,United States,United States Yale University,"12,155",4.3,21%
113,2018,13,Johns Hopkins University,United States,United States Johns Hopkins University,"15,498",4.3,24%
114,2018,14,Columbia University,United States,United States Columbia University,"26,587",6.1,32%
115,2018,15,"University of California, Los Angeles",United States,"United States University of California, Los Angeles","39,279",9.6,17%
116,2018,16,UCL,United Kingdom,United Kingdom UCL,"30,305",10.5,49%
117,2018,17,Duke University,United States,United States Duke University,"15,256",4.5,22%
118,2018,18,"University of California, Berkeley",United States,"United States University of California, Berkeley","36,182",13.1,17%
119,2018,19,Cornell University,United States,United States Cornell University,"21,850",9.8,24%
120,2018,20,Northwestern University,United States,United States Northwestern University,"17,466",12.8,18%
121,2018,21,University of Michigan-Ann Arbor,United States,United States University of Michigan-Ann Arbor,"41,818",8.6,16%
122,2018,22,National University of Singapore,Singapore,Singapore National University of Singapore,"30,602",17,30%
123,2018,23,University of Toronto,Canada,Canada University of Toronto,"69,427",18.7,17%
124,2018,24,Carnegie Mellon University,United States,United States Carnegie Mellon University,"12,676",13.5,45%
125,2018,25,London School of Economics and Political Science,United Kingdom,United Kingdom London School of Economics and Political Science,"10,065",12.1,71%
126,2018,26,University of Washington,United States,United States University of Washington,"44,945",11.4,16%
127,2018,27,University of Edinburgh,United Kingdom,United Kingdom University of Edinburgh,"26,760",12.4,40%
128,2018,28,New York University,United States,United States New York University,"43,860",9.6,26%
129,2018,29,Peking University,China,China Peking University,"42,136",8.9,16%
130,2018,30,Tsinghua University,China,China Tsinghua University,"42,089",13.7,9%
131,2018,31,"University of California, San Diego",United States,"United States University of California, San Diego","29,633",12.8,17%
132,2018,32,University of Melbourne,Australia,Australia University of Melbourne,"42,116",26.6,40%
133,2018,33,Georgia Institute of Technology,United States,United States Georgia Institute of Technology,"20,773",20.7,27%
134,2018,34,University of British Columbia,Canada,Canada University of British Columbia,"51,889",18.1,29%
135,2018,35,LMU Munich,Germany,Germany LMU Munich,"36,091",15.6,15%
136,2018,36,King’s College London,United Kingdom,United Kingdom King’s College London,"23,205",12,41%
137,2018,37,University of Illinois at Urbana-Champaign,United States,United States University of Illinois at Urbana-Champaign,"43,402",22.8,23%
138,2018,38,École Polytechnique Fédérale de Lausanne,Switzerland,Switzerland École Polytechnique Fédérale de Lausanne,"9,928",11.2,55%
139,2018,39,Karolinska Institute,Sweden,Sweden Karolinska Institute,"7,424",10.9,19%
140,2018,40,University of Hong Kong,Hong Kong,Hong Kong University of Hong Kong,"18,364",18,42%
141,2018,41,Technical University of Munich,Germany,Germany Technical University of Munich,"38,689",54.4,23%
142,2018,42,McGill University,Canada,Canada McGill University,"30,940",13.3,26%
143,2018,43,University of Wisconsin-Madison,United States,United States University of Wisconsin-Madison,"38,960",10.7,12%
144,2018,44,The Hong Kong University of Science and Technology,Hong Kong,Hong Kong The Hong Kong University of Science and Technology,"10,214",23.1,31%
145,2018,45,Universität Heidelberg,Germany,Germany Universität Heidelberg,"28,876",23.2,17%
146,2018,46,The University of Tokyo,Japan,Japan The University of Tokyo,"26,000",6.7,10%
147,2018,47,KU Leuven,Belgium,Belgium KU Leuven,"44,412",37.1,15%
148,2018,48,Australian National University,Australia,Australia Australian National University,"15,986",19.3,35%
149,2018,49,University of Texas at Austin,United States,United States University of Texas at Austin,"48,561",17.1,10%
150,2018,50,Brown University,United States,United States Brown University,"8,898",10.7,20%
151,2018,51,Washington University in St Louis,United States,United States Washington University in St Louis,"12,600",7.5,17%
152,2018,52,"Nanyang Technological University, Singapore",Singapore,"Singapore Nanyang Technological University, Singapore","25,499",16.3,31%
153,2018,53,"University of California, Santa Barbara",United States,"United States University of California, Santa Barbara","23,054",28.1,14%
154,2018,54,"University of California, Davis",United States,"United States University of California, Davis","37,365",13.8,10%
155,2018,55,University of Manchester,United Kingdom,United Kingdom University of Manchester,"35,320",14.6,38%
156,2018,56,University of Minnesota,United States,United States University of Minnesota,"60,949",17.4,11%
157,2018,57,University of North Carolina at Chapel Hill,United States,United States University of North Carolina at Chapel Hill,"34,684",9.7,8%
158,2018,58,Chinese University of Hong Kong,Hong Kong,Hong Kong Chinese University of Hong Kong,"18,072",17.3,31%
159,2018,59,University of Amsterdam,Netherlands,Netherlands University of Amsterdam,"23,495",12.3,12%
160,2018,60,Purdue University West Lafayette,United States,United States Purdue University West Lafayette,"38,770",17.4,23%
161,2018,61,The University of Sydney,Australia,Australia The University of Sydney,"44,553",21.6,32%
162,2018,62,Humboldt University of Berlin,Germany,Germany Humboldt University of Berlin,"32,172",56.5,17%
163,2018,63,Delft University of Technology,Netherlands,Netherlands Delft University of Technology,"17,057",19.6,27%
164,2018,64,Wageningen University & Research,Netherlands,Netherlands Wageningen University & Research,"12,326",19.7,29%
165,2018,65,The University of Queensland,Australia,Australia The University of Queensland,"38,968",35.7,26%
166,2018,66,University of Southern California,United States,United States University of Southern California,"38,380",12.8,23%
167,2018,67,Leiden University,Netherlands,Netherlands Leiden University,"24,825",18.2,12%
168,2018,68,Utrecht University,Netherlands,Netherlands Utrecht University,"31,522",15.2,7%
169,2018,69,"University of Maryland, College Park",United States,"United States University of Maryland, College Park","31,772",16.5,10%
170,2018,70,Boston University,United States,United States Boston University,"24,833",8.6,25%
171,2018,71,Ohio State University (Main campus),United States,United States Ohio State University (Main campus),"53,190",12.7,13%
172,2018,72,Erasmus University Rotterdam,Netherlands,Netherlands Erasmus University Rotterdam,"22,047",20.1,20%
173,2018,73,Paris Sciences et Lettres – PSL Research University Paris,France,France Paris Sciences et Lettres – PSL Research University Paris,"19,978",10.1,25%
174,2018,74,Kyoto University,Japan,Japan Kyoto University,"22,481",8.7,8%
175,2018,75,Seoul National University,South Korea,South Korea Seoul National University,"26,470",12.6,11%
176,2018,76,University of Bristol,United Kingdom,United Kingdom University of Bristol,"19,995",13.7,27%
177,2018,77,Penn State (Main campus),United States,United States Penn State (Main campus),"45,411",15.2,14%
178,2018,78,McMaster University,Canada,Canada McMaster University,"23,693",24.7,15%
179,2018,79,RWTH Aachen University,Germany,Germany RWTH Aachen University,"43,721",57.7,18%
180,2018,80,University of Glasgow,United Kingdom,United Kingdom University of Glasgow,"23,390",15.4,36%
181,2018,81,Monash University,Australia,Australia Monash University,"46,846",33.7,28%
182,2018,82,University of Freiburg,Germany,Germany University of Freiburg,"20,871",40.3,19%
183,2018,83,University of Groningen,Netherlands,Netherlands University of Groningen,"26,197",24.1,17%
184,2018,84,Michigan State University,United States,United States Michigan State University,"44,556",17,17%
185,2018,85,UNSW Sydney,Australia,Australia UNSW Sydney,"40,133",26.7,34%
186,2018,86,Rice University,United States,United States Rice University,"6,441",9,28%
187,2018,87,Uppsala University,Sweden,Sweden Uppsala University,"25,174",17.3,11%
188,2018,88,Free University of Berlin,Germany,Germany Free University of Berlin,"34,114",57,21%
189,2018,89,Dartmouth College,United States,United States Dartmouth College,"6,100",6.6,15%
190,2018,90,University of Helsinki,Finland,Finland University of Helsinki,"22,532",16.2,6%
191,2018,91,University of Warwick,United Kingdom,United Kingdom University of Warwick,"18,425",13,39%
192,2018,92,Technical University of Berlin,Germany,Germany Technical University of Berlin,"22,390",64.3,20%
193,2018,93,Lund University,Sweden,Sweden Lund University,"28,663",12.1,16%
194,2018,94,University of Tübingen,Germany,Germany University of Tübingen,"27,844",38.5,13%
195,2018,95,University of Basel,Switzerland,Switzerland University of Basel,"12,729",17.7,27%
196,2018,96,Korea Advanced Institute of Science and Technology (KAIST),South Korea,South Korea Korea Advanced Institute of Science and Technology (KAIST),"9,464",10.6,9%
197,2018,97,Durham University,United Kingdom,United Kingdom Durham University,"16,310",14.9,29%
198,2018,98,Emory University,United States,United States Emory University,"12,649",4.4,19%
199,2018,99,"University of California, Irvine",United States,"United States University of California, Irvine","30,419",17,21%
200,2018,100,University of Bonn,Germany,Germany University of Bonn,"35,619",77.9,13%
201,2019,1,University of Oxford,United Kingdom,United Kingdom University of Oxford,"20,300",11,40%
202,2019,2,University of Cambridge,United Kingdom,United Kingdom University of Cambridge,"18,750",11,37%
203,2019,3,Stanford University,United States,United States Stanford University,"15,878",7,23%
204,2019,4,Massachusetts Institute of Technology,United States,United States Massachusetts Institute of Technology,"11,231",9,34%
205,2019,5,California Institute of Technology,United States,United States California Institute of Technology,"2,255",7,29%
206,2019,6,Harvard University,United States,United States Harvard University,"20,595",9,26%
207,2019,7,Princeton University,United States,United States Princeton University,"7,996",8,24%
208,2019,8,Yale University,United States,United States Yale University,"12,318",5,20%
209,2019,9,Imperial College London,United Kingdom,United Kingdom Imperial College London,"16,425",12,56%
210,2019,10,The University of Chicago,United States,United States The University of Chicago,"13,562",6,25%
211,2019,11,ETH Zurich,Switzerland,Switzerland ETH Zurich,"18,171",12,39%
212,2019,12,Johns Hopkins University,United States,United States Johns Hopkins University,"16,146",5,25%
213,2019,13,University of Pennsylvania,United States,United States University of Pennsylvania,"20,443",6,20%
214,2019,14,UCL,United Kingdom,United Kingdom UCL,"31,695",11,51%
215,2019,15,"University of California, Berkeley",United States,"United States University of California, Berkeley","36,468",13,17%
216,2019,16,Columbia University,United States,United States Columbia University,"26,586",6,37%
217,2019,17,"University of California, Los Angeles",United States,"United States University of California, Los Angeles","39,464",9,17%
218,2019,18,Duke University,United States,United States Duke University,"15,037",4,18%
219,2019,19,Cornell University,United States,United States Cornell University,"21,904",10,25%
220,2019,20,University of Michigan-Ann Arbor,United States,United States University of Michigan-Ann Arbor,"41,831",8,17%
221,2019,21,University of Toronto,Canada,Canada University of Toronto,"72,202",19,19%
222,2019,22,Tsinghua University,China,China Tsinghua University,"36,912",12,11%
223,2019,23,National University of Singapore,Singapore,Singapore National University of Singapore,"30,727",17,28%
224,2019,24,Carnegie Mellon University,United States,United States Carnegie Mellon University,"13,033",13,47%
225,2019,25,Northwestern University,United States,United States Northwestern University,"17,600",13,19%
226,2019,26,London School of Economics and Political Science,United Kingdom,United Kingdom London School of Economics and Political Science,"10,030",12,70%
227,2019,27,New York University,United States,United States New York University,"44,433",9,32%
228,2019,28,University of Washington,United States,United States University of Washington,"45,476",11,16%
229,2019,29,University of Edinburgh,United Kingdom,United Kingdom University of Edinburgh,"28,155",13,41%
230,2019,30,"University of California, San Diego",United States,"United States University of California, San Diego","31,687",13,20%
231,2019,31,Peking University,China,China Peking University,"42,547",9,17%
232,2019,32,LMU Munich,Germany,Germany LMU Munich,"35,389",36,16%
233,2019,33,University of Melbourne,Australia,Australia University of Melbourne,"45,030",27,42%
234,2019,34,Georgia Institute of Technology,United States,United States Georgia Institute of Technology,"21,903",22,27%
235,2019,35,École Polytechnique Fédérale de Lausanne,Switzerland,Switzerland École Polytechnique Fédérale de Lausanne,"10,343",11,57%
236,2019,36,University of Hong Kong,Hong Kong,Hong Kong University of Hong Kong,"18,122",18,43%
237,2019,37,University of British Columbia,Canada,Canada University of British Columbia,"53,566",19,30%
238,2019,38,King’s College London,United Kingdom,United Kingdom King’s College London,"24,295",12,42%
239,2019,39,University of Texas at Austin,United States,United States University of Texas at Austin,"48,561",17,10%
240,2019,40,Karolinska Institute,Sweden,Sweden Karolinska Institute,"7,898",9,19%
241,2019,41,The Hong Kong University of Science and Technology,Hong Kong,Hong Kong The Hong Kong University of Science and Technology,"10,394",24,31%
242,2019,42,Paris Sciences et Lettres – PSL Research University Paris,France,France Paris Sciences et Lettres – PSL Research University Paris,"20,722",11,26%
243,2019,43,The University of Tokyo,Japan,Japan The University of Tokyo,"25,828",8,11%
244,2019,44,University of Wisconsin-Madison,United States,United States University of Wisconsin-Madison,"39,193",11,12%
245,2019,45,McGill University,Canada,Canada McGill University,"31,060",13,28%
246,2019,46,Technical University of Munich,Germany,Germany Technical University of Munich,"39,726",51,24%
247,2019,47,Universität Heidelberg,Germany,Germany Universität Heidelberg,"20,953",17,17%
248,2019,48,KU Leuven,Belgium,Belgium KU Leuven,"44,719",37,15%
249,2019,49,Australian National University,Australia,Australia Australian National University,"16,840",19,39%
250,2019,50,University of Illinois at Urbana-Champaign,United States,United States University of Illinois at Urbana-Champaign,"43,908",18,24%
251,2019,51,"Nanyang Technological University, Singapore",Singapore,"Singapore Nanyang Technological University, Singapore","25,738",17,28%
252,2019,52,"University of California, Santa Barbara",United States,"United States University of California, Santa Barbara","23,457",28,16%
253,2019,53,Brown University,United States,United States Brown University,"9,082",11,21%
254,2019,54,Chinese University of Hong Kong,Hong Kong,Hong Kong Chinese University of Hong Kong,"17,883",18,33%
255,2019,55,Washington University in St Louis,United States,United States Washington University in St Louis,"13,074",7,20%
256,2019,56,University of North Carolina at Chapel Hill,United States,United States University of North Carolina at Chapel Hill,"34,226",9,8%
257,2019,57,University of Manchester,United Kingdom,United Kingdom University of Manchester,"36,530",15,39%
258,2019,58,Delft University of Technology,Netherlands,Netherlands Delft University of Technology,"17,880",20,29%
259,2019,59,"University of California, Davis",United States,"United States University of California, Davis","37,847",14,13%
260,2019,60,The University of Sydney,Australia,Australia The University of Sydney,"43,333",21,35%
261,2019,61,Wageningen University & Research,Netherlands,Netherlands Wageningen University & Research,"13,214",21,29%
262,2019,62,University of Amsterdam,Netherlands,Netherlands University of Amsterdam,"23,778",12,12%
263,2019,63,Seoul National University,South Korea,South Korea Seoul National University,"26,066",12,12%
264,2019,64,Purdue University West Lafayette,United States,United States Purdue University West Lafayette,"39,409",17,23%
265,2019,65,Kyoto University,Japan,Japan Kyoto University,"22,420",9,8%
266,2019,66,University of Southern California,United States,United States University of Southern California,"35,510",12,25%
267,2019,67,Humboldt University of Berlin,Germany,Germany Humboldt University of Berlin,"33,000",59,17%
268,2019,68,Leiden University,Netherlands,Netherlands Leiden University,"26,321",18,13%
269,2019,69,The University of Queensland,Australia,Australia The University of Queensland,"38,187",34,31%
270,2019,70,Erasmus University Rotterdam,Netherlands,Netherlands Erasmus University Rotterdam,"22,019",20,22%
271,2019,71,University of Minnesota,United States,United States University of Minnesota,"60,620",12,11%
272,2019,72,Ohio State University (Main campus),United States,United States Ohio State University (Main campus),"53,540",13,12%
273,2019,73,Sorbonne University,France,France Sorbonne University,"42,681",14,19%
274,2019,74,Boston University,United States,United States Boston University,"25,095",8,27%
275,2019,75,Utrecht University,Netherlands,Netherlands Utrecht University,"31,551",14,7%
276,2019,76,University of Freiburg,Germany,Germany University of Freiburg,"22,005",45,22%
277,2019,77,McMaster University,Canada,Canada McMaster University,"24,602",27,16%
278,2019,78,University of Bristol,United Kingdom,United Kingdom University of Bristol,"20,570",13,27%
279,2019,79,University of Groningen,Netherlands,Netherlands University of Groningen,"26,183",24,18%
280,2019,80,University of Warwick,United Kingdom,United Kingdom University of Warwick,"19,650",13,41%
281,2019,81,Penn State (Main campus),United States,United States Penn State (Main campus),"45,704",15,15%
282,2019,82,"University of Maryland, College Park",United States,"United States University of Maryland, College Park","32,099",16,10%
283,2019,83,Sungkyunkwan University (SKKU),South Korea,South Korea Sungkyunkwan University (SKKU),"23,359",20,14%
284,2019,84,Emory University,United States,United States Emory University,"12,647",4.2,20%
285,2019,85,Monash University,Australia,Australia Monash University,"49,728",35,35%
286,2019,86,Rice University,United States,United States Rice University,"6,554",9,28%
287,2019,87,RWTH Aachen University,Germany,Germany RWTH Aachen University,"44,517",62,19%
288,2019,88,Uppsala University,Sweden,Sweden Uppsala University,"25,061",17,14%
289,2019,89,University of Tübingen,Germany,Germany University of Tübingen,"28,743",39,14%
290,2019,90,Charité - Universitätsmedizin Berlin,Germany,Germany Charité - Universitätsmedizin Berlin,"6,943",18,19%
291,2019,91,Université de Montréal,Canada,Canada Université de Montréal,"37,311",20,23%
292,2019,92,University of Zurich,Switzerland,Switzerland University of Zurich,"26,340",15,20%
293,2019,93,University of Science and Technology of China,China,China University of Science and Technology of China,"16,152",8,4%
294,2019,94,University of Glasgow,United Kingdom,United Kingdom University of Glasgow,"24,235",15,36%
295,2019,95,Michigan State University,United States,United States Michigan State University,"44,951",17,17%
296,2019,96,"University of California, Irvine",United States,"United States University of California, Irvine","31,089",17,24%
297,2019,97,UNSW Sydney,Australia,Australia UNSW Sydney,"41,358",31,36%
298,2019,98,Lund University,Sweden,Sweden Lund University,"28,454",12,17%
299,2019,99,Dartmouth College,United States,United States Dartmouth College,"6,172",7,15%
300,2019,100,University of Helsinki,Finland,Finland University of Helsinki,"22,418",17,6%
301,2020,1,University of Oxford,United Kingdom,United Kingdom University of Oxford,"20,665",11.2,41%
302,2020,2,California Institute of Technology,United States,United States California Institute of Technology,"2,240",6.4,30%
303,2020,3,University of Cambridge,United Kingdom,United Kingdom University of Cambridge,"18,980",10.9,37%
304,2020,4,Stanford University,United States,United States Stanford University,"16,135",7.3,23%
305,2020,5,Massachusetts Institute of Technology,United States,United States Massachusetts Institute of Technology,"11,247",8.6,34%
306,2020,6,Princeton University,United States,United States Princeton University,"7,983",8.1,25%
307,2020,7,Harvard University,United States,United States Harvard University,"20,823",9.2,24%
308,2020,8,Yale University,United States,United States Yale University,"12,402",5.4,20%
309,2020,9,The University of Chicago,United States,United States The University of Chicago,"13,833",5.7,28%
310,2020,10,Imperial College London,United Kingdom,United Kingdom Imperial College London,"16,760",11.6,56%
311,2020,11,University of Pennsylvania,United States,United States University of Pennsylvania,"20,578",6.5,21%
312,2020,12,Johns Hopkins University,United States,United States Johns Hopkins University,"16,171",4.5,26%
313,2020,13,"University of California, Berkeley",United States,"United States University of California, Berkeley","41,081",13.7,17%
314,2020,14,ETH Zurich,Switzerland,Switzerland ETH Zurich,"18,956",12.5,39%
315,2020,15,UCL,United Kingdom,United Kingdom UCL,"32,665",10.6,52%
316,2020,16,Columbia University,United States,United States Columbia University,"26,586",5.8,37%
317,2020,17,"University of California, Los Angeles",United States,"United States University of California, Los Angeles","41,066",9.4,17%
318,2020,18,University of Toronto,Canada,Canada University of Toronto,"73,370",20.1,21%
319,2020,19,Cornell University,United States,United States Cornell University,"22,319",9.8,25%
320,2020,20,Duke University,United States,United States Duke University,"15,309",4.3,19%
321,2020,21,University of Michigan-Ann Arbor,United States,United States University of Michigan-Ann Arbor,"42,982",8.3,17%
322,2020,22,Northwestern University,United States,United States Northwestern University,"17,951",12.8,20%
323,2020,23,Tsinghua University,China,China Tsinghua University,"38,783",12,11%
324,2020,24,Peking University,China,China Peking University,"39,575",11.5,15%
325,2020,25,National University of Singapore,Singapore,Singapore National University of Singapore,"30,869",17.9,28%
326,2020,26,University of Washington,United States,United States University of Washington,"45,692",11.1,16%
327,2020,27,Carnegie Mellon University,United States,United States Carnegie Mellon University,"13,430",13.6,48%
328,2020,28,London School of Economics and Political Science,United Kingdom,United Kingdom London School of Economics and Political Science,"10,570",12.1,71%
329,2020,29,New York University,United States,United States New York University,"44,466",8.9,33%
330,2020,30,University of Edinburgh,United Kingdom,United Kingdom University of Edinburgh,"29,435",12.8,41%
331,2020,31,"University of California, San Diego",United States,"United States University of California, San Diego","33,579",13,23%
332,2020,32,LMU Munich,Germany,Germany LMU Munich,"34,519",34.7,17%
333,2020,33,University of Melbourne,Australia,Australia University of Melbourne,"47,385",26.3,46%
334,2020,34,University of British Columbia,Canada,Canada University of British Columbia,"52,108",18.1,32%
335,2020,35,University of Hong Kong,Hong Kong,Hong Kong University of Hong Kong,"18,260",18.2,44%
336,2020,36,King’s College London,United Kingdom,United Kingdom King’s College London,"26,055",12.5,44%
337,2020,37,The University of Tokyo,Japan,Japan The University of Tokyo,"25,913",10.6,12%
338,2020,38,École Polytechnique Fédérale de Lausanne,Switzerland,Switzerland École Polytechnique Fédérale de Lausanne,"10,492",11.4,59%
339,2020,39,Georgia Institute of Technology,United States,United States Georgia Institute of Technology,"21,372",18.3,27%
340,2020,40,University of Texas at Austin,United States,United States University of Texas at Austin,"49,165",17.2,10%
341,2020,41,Karolinska Institute,Sweden,Sweden Karolinska Institute,"7,777",9,20%
342,2020,42,McGill University,Canada,Canada McGill University,"31,294",13,29%
343,2020,43,Technical University of Munich,Germany,Germany Technical University of Munich,"40,472",47.8,27%
344,2020,44,Universität Heidelberg,Germany,Germany Universität Heidelberg,"20,800",16.1,18%
345,2020,45,KU Leuven,Belgium,Belgium KU Leuven,"45,049",36.3,15%
346,2020,46,Paris Sciences et Lettres – PSL Research University Paris,France,France Paris Sciences et Lettres – PSL Research University Paris,"21,298",11.5,26%
347,2020,47,The Hong Kong University of Science and Technology,Hong Kong,Hong Kong The Hong Kong University of Science and Technology,"10,125",22.3,31%
348,2020,48,University of Illinois at Urbana-Champaign,United States,United States University of Illinois at Urbana-Champaign,"44,916",17.9,24%
349,2020,49,"Nanyang Technological University, Singapore",Singapore,"Singapore Nanyang Technological University, Singapore","25,088",15.9,27%
350,2020,50,Australian National University,Australia,Australia Australian National University,"17,359",17.8,44%
351,2020,51,University of Wisconsin-Madison,United States,United States University of Wisconsin-Madison,"39,154",10,13%
352,2020,52,Washington University in St Louis,United States,United States Washington University in St Louis,"13,401",7.5,20%
353,2020,53,Brown University,United States,United States Brown University,"9,391",10.8,20%
354,2020,54,University of North Carolina at Chapel Hill,United States,United States University of North Carolina at Chapel Hill,"35,419",9.4,8%
355,2020,55,"University of California, Davis",United States,"United States University of California, Davis","39,164",12,14%
356,2020,56,University of Manchester,United Kingdom,United Kingdom University of Manchester,"37,040",14.4,40%
357,2020,57,"University of California, Santa Barbara",United States,"United States University of California, Santa Barbara","24,089",27.6,16%
358,2020,58,Chinese University of Hong Kong,Hong Kong,Hong Kong Chinese University of Hong Kong,"18,340",18.6,32%
359,2020,59,Wageningen University & Research,Netherlands,Netherlands Wageningen University & Research,"13,914",21.3,27%
360,2020,60,The University of Sydney,Australia,Australia The University of Sydney,"45,111",20.1,39%
361,2020,61,Boston University,United States,United States Boston University,"25,662",11.6,27%
362,2020,62,University of Amsterdam,Netherlands,Netherlands University of Amsterdam,"26,723",13.5,18%
363,2020,63,University of Southern California,United States,United States University of Southern California,"36,929",11.7,25%
364,2020,64,Seoul National University,South Korea,South Korea Seoul National University,"26,182",12.4,12%
365,2020,65,Kyoto University,Japan,Japan Kyoto University,"22,566",9,9%
366,2020,66,The University of Queensland,Australia,Australia The University of Queensland,"39,144",35.7,34%
367,2020,67,Delft University of Technology,Netherlands,Netherlands Delft University of Technology,"18,743",20.2,30%
368,2020,68,Leiden University,Netherlands,Netherlands Leiden University,"28,741",18.7,16%
369,2020,69,Erasmus University Rotterdam,Netherlands,Netherlands Erasmus University Rotterdam,"23,167",20.4,23%
370,2020,70,Ohio State University (Main campus),United States,United States Ohio State University (Main campus),"54,372",12.5,13%
371,2020,71,UNSW Sydney,Australia,Australia UNSW Sydney,"44,336",35.7,41%
372,2020,72,McMaster University,Canada,Canada McMaster University,"24,412",28.1,17%
373,2020,73,University of Groningen,Netherlands,Netherlands University of Groningen,"27,228",23.8,21%
374,2020,74,Humboldt University of Berlin,Germany,Germany Humboldt University of Berlin,"33,463",56.1,17%
375,2020,75,Monash University,Australia,Australia Monash University,"52,989",33.9,39%
376,2020,76,Utrecht University,Netherlands,Netherlands Utrecht University,"31,833",14.2,9%
377,2020,77,University of Warwick,United Kingdom,United Kingdom University of Warwick,"20,600",13.2,41%
378,2020,78,Penn State (Main campus),United States,United States Penn State (Main campus),"46,204",15.3,16%
379,2020,79,University of Minnesota,United States,United States University of Minnesota,"61,120",12.4,11%
380,2020,80,Charité - Universitätsmedizin Berlin,Germany,Germany Charité - Universitätsmedizin Berlin,"7,076",17.6,19%
381,2020,81,Emory University,United States,United States Emory University,"12,735",4,20%
382,2020,82,University of Science and Technology of China,China,China University of Science and Technology of China,"16,245",7.7,4%
383,2020,83,Sorbonne University,France,France Sorbonne University,"43,076",13.5,19%
384,2020,84,Michigan State University,United States,United States Michigan State University,"44,789",16.5,16%
385,2020,85,Université de Montréal,Canada,Canada Université de Montréal,"36,794",20.2,22%
386,2020,86,University of Freiburg,Germany,Germany University of Freiburg,"21,475",42.8,23%
387,2020,87,University of Bristol,United Kingdom,United Kingdom University of Bristol,"21,785",13.6,27%
388,2020,88,Purdue University West Lafayette,United States,United States Purdue University West Lafayette,"40,451",15.7,23%
389,2020,89,Sungkyunkwan University (SKKU),South Korea,South Korea Sungkyunkwan University (SKKU),"23,342",19.5,15%
390,2020,90,University of Zurich,Switzerland,Switzerland University of Zurich,"22,609",12.3,21%
391,2020,91,"University of Maryland, College Park",United States,"United States University of Maryland, College Park","33,108",16.6,11%
392,2020,92,University of Tübingen,Germany,Germany University of Tübingen,"27,901",37.5,14%
393,2020,93,École Polytechnique – Institut Polytechnique de Paris,France,France École Polytechnique – Institut Polytechnique de Paris,"3,030",5.7,40%
394,2020,94,University of Basel,Switzerland,Switzerland University of Basel,"11,518",15.8,27%
395,2020,95,Dartmouth College,United States,United States Dartmouth College,"6,247",7.7,15%
396,2020,96,"University of California, Irvine",United States,"United States University of California, Irvine","32,706",16.5,26%
397,2020,97,University of Helsinki,Finland,Finland University of Helsinki,"22,072",16.6,5%
398,2020,98,Lund University,Sweden,Sweden Lund University,"27,266",12.1,19%
399,2020,99,University of Glasgow,United Kingdom,United Kingdom University of Glasgow,"25,355",15.4,37%
400,2020,100,RWTH Aachen University,Germany,Germany RWTH Aachen University,"45,377",61.1,21%
401,2021,1,University of Oxford,United Kingdom,United Kingdom University of Oxford,"20,775",11.1,41%
402,2021,2,Stanford University,United States,United States Stanford University,"16,223",7.4,23%
403,2021,3,Harvard University,United States,United States Harvard University,"21,261",9.3,25%
404,2021,4,California Institute of Technology,United States,United States California Institute of Technology,"2,238",6.3,33%
405,2021,5,Massachusetts Institute of Technology,United States,United States Massachusetts Institute of Technology,"11,276",8.4,34%
406,2021,6,University of Cambridge,United Kingdom,United Kingdom University of Cambridge,"19,370",11,38%
407,2021,7,"University of California, Berkeley",United States,"United States University of California, Berkeley","39,918",19.8,17%
408,2021,8,Yale University,United States,United States Yale University,"12,910",6,20%
409,2021,9,Princeton University,United States,United States Princeton University,"8,091",8,23%
410,2021,10,The University of Chicago,United States,United States The University of Chicago,"14,292",5.9,31%
411,2021,11,Imperial College London,United Kingdom,United Kingdom Imperial College London,"17,175",11.6,58%
412,2021,12,Johns Hopkins University,United States,United States Johns Hopkins University,"16,432",4.4,27%
413,2021,13,University of Pennsylvania,United States,United States University of Pennsylvania,"20,771",6.4,21%
414,2021,14,ETH Zurich,Switzerland,Switzerland ETH Zurich,"19,632",13.1,40%
415,2021,15,"University of California, Los Angeles",United States,"United States University of California, Los Angeles","41,673",10,17%
416,2021,16,UCL,United Kingdom,United Kingdom UCL,"34,590",10.8,55%
417,2021,17,Columbia University,United States,United States Columbia University,"27,384",5.7,39%
418,2021,18,University of Toronto,Canada,Canada University of Toronto,"74,502",20,22%
419,2021,19,Cornell University,United States,United States Cornell University,"23,016",10.2,25%
420,2021,20,Duke University,United States,United States Duke University,"15,489",4.3,21%
421,2021,21,Tsinghua University,China,China Tsinghua University,"37,484",11.6,13%
422,2021,22,University of Michigan-Ann Arbor,United States,United States University of Michigan-Ann Arbor,"43,873",8.3,17%
423,2021,23,Peking University,China,China Peking University,"38,583",11.1,16%
424,2021,24,Northwestern University,United States,United States Northwestern University,"18,529",13,19%
425,2021,25,National University of Singapore,Singapore,Singapore National University of Singapore,"30,943",18,26%
426,2021,26,New York University,United States,United States New York University,"44,474",8.8,34%
427,2021,27,London School of Economics and Political Science,United Kingdom,United Kingdom London School of Economics and Political Science,"10,660",12,72%
428,2021,28,Carnegie Mellon University,United States,United States Carnegie Mellon University,"14,058",13.7,48%
429,2021,29,University of Washington,United States,United States University of Washington,"46,258",10.7,17%
430,2021,30,University of Edinburgh,United Kingdom,United Kingdom University of Edinburgh,"30,650",12.1,42%
431,2021,31,University of Melbourne,Australia,Australia University of Melbourne,"50,094",27,48%
432,2021,32,LMU Munich,Germany,Germany LMU Munich,"34,249",33.6,17%
433,2021,33,"University of California, San Diego",United States,"United States University of California, San Diego","34,232",12,30%
434,2021,34,University of British Columbia,Canada,Canada University of British Columbia,"53,123",18.7,32%
435,2021,35,King’s College London,United Kingdom,United Kingdom King’s College London,"27,400",12.4,46%
436,2021,36,Karolinska Institute,Sweden,Sweden Karolinska Institute,"7,696",8.8,26%
437,2021,37,The University of Tokyo,Japan,Japan The University of Tokyo,"25,935",10.6,13%
438,2021,38,Georgia Institute of Technology,United States,United States Georgia Institute of Technology,"26,043",23.6,27%
439,2021,39,University of Hong Kong,Hong Kong,Hong Kong University of Hong Kong,"18,135",18.2,43%
440,2021,40,McGill University,Canada,Canada McGill University,"31,578",12.8,31%
441,2021,41,Technical University of Munich,Germany,Germany Technical University of Munich,"32,377",39.8,31%
442,2021,42,Universität Heidelberg,Germany,Germany Universität Heidelberg,"20,020",14.5,18%
443,2021,43,École Polytechnique Fédérale de Lausanne,Switzerland,Switzerland École Polytechnique Fédérale de Lausanne,"10,942",12.2,60%
444,2021,44,University of Texas at Austin,United States,United States University of Texas at Austin,"49,510",16.9,10%
445,2021,45,KU Leuven,Belgium,Belgium KU Leuven,"45,617",36.1,15%
446,2021,46,Paris Sciences et Lettres – PSL Research University Paris,France,France Paris Sciences et Lettres – PSL Research University Paris,"20,701",14.7,24%
447,2021,47,"Nanyang Technological University, Singapore",Singapore,"Singapore Nanyang Technological University, Singapore","23,902",14.8,25%
448,2021,48,University of Illinois at Urbana-Champaign,United States,United States University of Illinois at Urbana-Champaign,"45,980",17.8,24%
449,2021,49,University of Wisconsin-Madison,United States,United States University of Wisconsin-Madison,"39,451",9.8,13%
450,2021,50,Washington University in St Louis,United States,United States Washington University in St Louis,"13,693",7.5,21%
451,2021,51,University of Manchester,United Kingdom,United Kingdom University of Manchester,"36,555",14.4,41%
452,2021,52,The University of Sydney,Australia,Australia The University of Sydney,"46,453",19.4,43%
453,2021,53,University of Southern California,United States,United States University of Southern California,"41,953",13,23%
454,2021,54,Boston University,United States,United States Boston University,"26,510",11.1,28%
455,2021,55,Kyoto University,Japan,Japan Kyoto University,"22,935",9.3,11%
456,2021,56,Chinese University of Hong Kong,Hong Kong,Hong Kong Chinese University of Hong Kong,"18,675",19.3,33%
457,2021,57,The Hong Kong University of Science and Technology,Hong Kong,Hong Kong The Hong Kong University of Science and Technology,"9,976",21.6,30%
458,2021,58,University of North Carolina at Chapel Hill,United States,United States University of North Carolina at Chapel Hill,"30,956",8.2,8%
459,2021,59,Australian National University,Australia,Australia Australian National University,"18,801",17.8,47%
460,2021,60,Seoul National University,South Korea,South Korea Seoul National University,"26,757",15.1,11%
461,2021,61,Brown University,United States,United States Brown University,"9,695",10.8,20%
462,2021,62,The University of Queensland,Australia,Australia The University of Queensland,"40,389",35.5,38%
463,2021,63,Wageningen University & Research,Netherlands,Netherlands Wageningen University & Research,"14,356",21,27%
464,2021,64,"University of California, Davis",United States,"United States University of California, Davis","36,395",13.6,17%
465,2021,65,Monash University,Australia,Australia Monash University,"57,406",41.7,43%
466,2021,66,University of Amsterdam,Netherlands,Netherlands University of Amsterdam,"24,747",12.8,24%
467,2021,67,UNSW Sydney,Australia,Australia UNSW Sydney,"46,234",41,44%
468,2021,68,"University of California, Santa Barbara",United States,"United States University of California, Santa Barbara","24,780",28.2,18%
469,2021,69,McMaster University,Canada,Canada McMaster University,"25,285",30.5,18%
470,2021,70,Fudan University,China,China Fudan University,"32,597",11.2,13%
471,2021,71,Leiden University,Netherlands,Netherlands Leiden University,"30,178",19,18%
472,2021,72,Erasmus University Rotterdam,Netherlands,Netherlands Erasmus University Rotterdam,"26,453",26.8,22%
473,2021,73,Université de Montréal,Canada,Canada Université de Montréal,"36,774",20.2,21%
474,2021,74,University of Zurich,Switzerland,Switzerland University of Zurich,"22,960",14.8,21%
475,2021,75,Charité - Universitätsmedizin Berlin,Germany,Germany Charité - Universitätsmedizin Berlin,"7,431",17.4,20%
476,2021,76,Utrecht University,Netherlands,Netherlands Utrecht University,"32,022",14,10%
477,2021,77,University of Warwick,United Kingdom,United Kingdom University of Warwick,"21,775",13.3,41%
478,2021,78,Delft University of Technology,Netherlands,Netherlands Delft University of Technology,"19,594",17.4,31%
479,2021,79,University of Tübingen,Germany,Germany University of Tübingen,"27,590",36.6,14%
480,2021,80,University of Groningen,Netherlands,Netherlands University of Groningen,"28,392",23.9,23%
481,2021,81,Humboldt University of Berlin,Germany,Germany Humboldt University of Berlin,"33,388",56.3,18%
482,2021,82,Ohio State University (Main campus),United States,United States Ohio State University (Main campus),"54,650",12.1,13%
483,2021,83,University of Freiburg,Germany,Germany University of Freiburg,"14,878",32.5,21%
484,2021,84,University of Copenhagen,Denmark,Denmark University of Copenhagen,"30,746",4.2,17%
485,2021,85,Emory University,United States,United States Emory University,"12,923",4,20%
486,2021,86,University of Minnesota,United States,United States University of Minnesota,"61,994",12.4,11%
487,2021,87,École Polytechnique – Institut Polytechnique de Paris,France,France École Polytechnique – Institut Polytechnique de Paris,"2,850",5.6,44%
488,2021,88,University of Science and Technology of China,China,China University of Science and Technology of China,"16,434",7.2,5%
489,2021,89,Sorbonne University,France,France Sorbonne University,"43,585",12.8,20%
490,2021,90,"University of Maryland, College Park",United States,"United States University of Maryland, College Park","33,671",16.6,11%
491,2021,91,University of Bristol,United Kingdom,United Kingdom University of Bristol,"22,980",14.5,28%
492,2021,92,University of Basel,Switzerland,Switzerland University of Basel,"9,229",12.3,30%
493,2021,93,University of Glasgow,United Kingdom,United Kingdom University of Glasgow,"26,535",14.7,38%
494,2021,94,Purdue University West Lafayette,United States,United States Purdue University West Lafayette,"41,573",16.3,22%
495,2021,95,Zhejiang University,China,China Zhejiang University,"33,825",10.8,23%
496,2021,96,Korea Advanced Institute of Science and Technology (KAIST),South Korea,South Korea Korea Advanced Institute of Science and Technology (KAIST),"9,514",10.4,9%
497,2021,97,National Taiwan University (NTU),Taiwan,Taiwan National Taiwan University (NTU),"24,880",9.9,12%
498,2021,98,"University of California, Irvine",United States,"United States University of California, Irvine","35,040",17.5,27%
499,2021,99,University of Helsinki,Finland,Finland University of Helsinki,"22,137",15.9,5%
500,2021,100,Shanghai Jiao Tong University,China,China Shanghai Jiao Tong University,"38,556",11.9,11%
501,2022,1,University of Oxford,United Kingdom,United Kingdom University of Oxford,"20,835",10.7,42%
502,2022,2,California Institute of Technology,United States,United States California Institute of Technology,"2,233",6.3,34%
503,2022,3,Harvard University,United States,United States Harvard University,"21,574",9.5,24%
504,2022,4,Stanford University,United States,United States Stanford University,"16,319",7.3,23%
505,2022,5,University of Cambridge,United Kingdom,United Kingdom University of Cambridge,"19,680",11.1,39%
506,2022,6,Massachusetts Institute of Technology,United States,United States Massachusetts Institute of Technology,"11,459",8.4,33%
507,2022,7,Princeton University,United States,United States Princeton University,"7,753",7.5,23%
508,2022,8,"University of California, Berkeley",United States,"United States University of California, Berkeley","40,306",18.9,23%
509,2022,9,Yale University,United States,United States Yale University,"13,317",5.9,21%
510,2022,10,The University of Chicago,United States,United States The University of Chicago,"14,895",6.1,33%
511,2022,11,Columbia University,United States,United States Columbia University,"21,608",4.6,35%
512,2022,12,Imperial College London,United Kingdom,United Kingdom Imperial College London,"17,715",11.2,59%
513,2022,13,Johns Hopkins University,United States,United States Johns Hopkins University,"16,552",4.3,28%
514,2022,14,University of Pennsylvania,United States,United States University of Pennsylvania,"21,211",6.4,22%
515,2022,15,ETH Zurich,Switzerland,Switzerland ETH Zurich,"20,428",14.4,41%
516,2022,16,Peking University,China,China Peking University,"31,606",10.2,19%
517,2022,17,Tsinghua University,China,China Tsinghua University,"38,221",11.5,13%
518,2022,18,University of Toronto,Canada,Canada University of Toronto,"75,821",25.5,25%
519,2022,19,UCL,United Kingdom,United Kingdom UCL,"35,760",10.6,57%
520,2022,20,"University of California, Los Angeles",United States,"United States University of California, Los Angeles","42,054",10,17%
521,2022,21,National University of Singapore,Singapore,Singapore National University of Singapore,"31,819",18.8,25%
522,2022,22,Cornell University,United States,United States Cornell University,"23,600",10.3,25%
523,2022,23,Duke University,United States,United States Duke University,"15,785",4.2,22%
524,2022,24,University of Michigan-Ann Arbor,United States,United States University of Michigan-Ann Arbor,"44,663",8.1,17%
525,2022,25,Northwestern University,United States,United States Northwestern University,"18,735",13,19%
526,2022,26,New York University,United States,United States New York University,"45,424",11,35%
527,2022,27,London School of Economics and Political Science,United Kingdom,United Kingdom London School of Economics and Political Science,"10,910",12.1,72%
528,2022,28,Carnegie Mellon University,United States,United States Carnegie Mellon University,"14,163",13.5,47%
529,2022,29,University of Washington,United States,United States University of Washington,"52,059",11.6,17%
530,2022,30,University of Edinburgh,United Kingdom,United Kingdom University of Edinburgh,"31,630",12.1,44%
531,2022,31,University of Hong Kong,Hong Kong,Hong Kong University of Hong Kong,"18,037",18.3,43%
532,2022,32,LMU Munich,Germany,Germany LMU Munich,"34,274",33.7,18%
533,2022,33,University of Melbourne,Australia,Australia University of Melbourne,"52,098",26.5,50%
534,2022,34,"University of California, San Diego",United States,"United States University of California, San Diego","36,256",12.2,29%
535,2022,35,King’s College London,United Kingdom,United Kingdom King’s College London,"28,250",12,49%
536,2022,36,The University of Tokyo,Japan,Japan The University of Tokyo,"25,959",10.6,14%
537,2022,37,University of British Columbia,Canada,Canada University of British Columbia,"54,744",18.9,33%
538,2022,38,Technical University of Munich,Germany,Germany Technical University of Munich,"32,672",38.7,33%
539,2022,39,Karolinska Institute,Sweden,Sweden Karolinska Institute,"7,937",9.6,24%
540,2022,40,École Polytechnique Fédérale de Lausanne,Switzerland,Switzerland École Polytechnique Fédérale de Lausanne,"11,266",12.3,62%
541,2022,41,Paris Sciences et Lettres – PSL Research University Paris,France,France Paris Sciences et Lettres – PSL Research University Paris,"20,547",15.1,25%
542,2022,42,Universität Heidelberg,Germany,Germany Universität Heidelberg,"19,530",13.9,19%
543,2022,43,KU Leuven,Belgium,Belgium KU Leuven,"46,327",36.3,16%
544,2022,44,McGill University,Canada,Canada McGill University,"31,581",12.6,32%
545,2022,45,Georgia Institute of Technology,United States,United States Georgia Institute of Technology,"27,838",25.7,25%
546,2022,46,"Nanyang Technological University, Singapore",Singapore,"Singapore Nanyang Technological University, Singapore","23,951",14.7,24%
547,2022,47,University of Texas at Austin,United States,United States University of Texas at Austin,"49,845",16.7,10%
548,2022,48,University of Illinois at Urbana-Champaign,United States,United States University of Illinois at Urbana-Champaign,"47,202",18.3,23%
549,2022,49,Chinese University of Hong Kong,Hong Kong,Hong Kong Chinese University of Hong Kong,"18,478",19.1,25%
550,2022,50,University of Manchester,United Kingdom,United Kingdom University of Manchester,"36,545",14.3,43%
551,2022,51,Washington University in St Louis,United States,United States Washington University in St Louis,"14,243",7.9,22%
552,2022,52,University of North Carolina at Chapel Hill,United States,United States University of North Carolina at Chapel Hill,"31,064",8.1,8%
553,2022,53,Wageningen University & Research,Netherlands,Netherlands Wageningen University & Research,"14,871",20.2,27%
554,2022,54,Australian National University,Australia,Australia Australian National University,"18,934",17.6,47%
555,2022,55,The University of Queensland,Australia,Australia The University of Queensland,"41,914",35.8,41%
556,2022,56,Seoul National University,South Korea,South Korea Seoul National University,"26,871",15.4,11%
557,2022,57,Monash University,Australia,Australia Monash University,"60,211",44.1,45%
558,2022,58,The University of Sydney,Australia,Australia The University of Sydney,"47,956",19.3,47%
559,2022,59,University of Wisconsin-Madison,United States,United States University of Wisconsin-Madison,"39,783",10.3,14%
560,2022,60,Fudan University,China,China Fudan University,"33,140",11.1,12%
561,2022,61,Kyoto University,Japan,Japan Kyoto University,"22,299",9.2,11%
562,2022,62,Boston University,United States,United States Boston University,"27,785",11,29%
563,2022,63,University of Southern California,United States,United States University of Southern California,"42,502",13.2,24%
564,2022,64,Brown University,United States,United States Brown University,"9,851",10.6,20%
565,2022,65,University of Amsterdam,Netherlands,Netherlands University of Amsterdam,"25,556",13.1,29%
566,2022,66,The Hong Kong University of Science and Technology,Hong Kong,Hong Kong The Hong Kong University of Science and Technology,"10,147",21.3,31%
567,2022,67,"University of California, Davis",United States,"United States University of California, Davis","37,222",13.2,19%
568,2022,68,"University of California, Santa Barbara",United States,"United States University of California, Santa Barbara","25,578",28.2,19%
569,2022,69,Utrecht University,Netherlands,Netherlands Utrecht University,"33,569",18.1,11%
570,2022,70,UNSW Sydney,Australia,Australia UNSW Sydney,"48,077",40.5,44%
571,2022,71,Leiden University,Netherlands,Netherlands Leiden University,"31,556",19.4,19%
572,2022,72,Erasmus University Rotterdam,Netherlands,Netherlands Erasmus University Rotterdam,"28,933",29.3,22%
573,2022,73,Charité - Universitätsmedizin Berlin,Germany,Germany Charité - Universitätsmedizin Berlin,"7,998",18.7,21%
574,2022,74,Humboldt University of Berlin,Germany,Germany Humboldt University of Berlin,"33,868",54.2,18%
575,2022,75,Delft University of Technology,Netherlands,Netherlands Delft University of Technology,"20,133",17,31%
576,2022,76,Zhejiang University,China,China Zhejiang University,"40,352",11.8,20%
577,2022,77,University of Zurich,Switzerland,Switzerland University of Zurich,"23,714",15,22%
578,2022,78,University of Tübingen,Germany,Germany University of Tübingen,"20,438",26.2,14%
579,2022,79,University of Warwick,United Kingdom,United Kingdom University of Warwick,"22,710",14.2,43%
580,2022,80,University of Groningen,Netherlands,Netherlands University of Groningen,"29,440",23.8,27%
581,2022,81,McMaster University,Canada,Canada McMaster University,"26,112",30.2,20%
582,2022,82,Emory University,United States,United States Emory University,"13,179",4.4,20%
583,2022,83,Free University of Berlin,Germany,Germany Free University of Berlin,"27,018",43.2,23%
584,2022,84,Shanghai Jiao Tong University,China,China Shanghai Jiao Tong University,"36,638",11.3,10%
585,2022,85,Ohio State University (Main campus),United States,United States Ohio State University (Main campus),"55,809",12.4,13%
586,2022,86,University of Glasgow,United Kingdom,United Kingdom University of Glasgow,"27,625",13.9,40%
587,2022,87,University of Minnesota,United States,United States University of Minnesota,"61,321",12,10%
588,2022,88,Université de Montréal,Canada,Canada Université de Montréal,"36,524",19.6,23%
589,2022,89,University of Science and Technology of China,China,China University of Science and Technology of China,"16,718",7.3,5%
590,2022,90,Sorbonne University,France,France Sorbonne University,"42,330",14.2,21%
591,2022,91,The Hong Kong Polytechnic University,Hong Kong,Hong Kong The Hong Kong Polytechnic University,"21,979",26.4,29%
592,2022,92,Institut Polytechnique de Paris,France,France Institut Polytechnique de Paris,"6,087",6.9,40%
593,2022,93,University of Bristol,United Kingdom,United Kingdom University of Bristol,"24,110",14.4,30%
594,2022,94,"University of Maryland, College Park",United States,"United States University of Maryland, College Park","34,017",16.7,11%
595,2022,95,Michigan State University,United States,United States Michigan State University,"45,689",16,14%
596,2022,96,University of Copenhagen,Denmark,Denmark University of Copenhagen,"30,326",4.2,18%
597,2022,97,Ghent University,Belgium,Belgium Ghent University,"38,984",35.7,11%
598,2022,98,"University of California, Irvine",United States,"United States University of California, Irvine","35,944",17.1,28%
599,2022,99,Dartmouth College,United States,United States Dartmouth College,"6,378",7.6,15%
600,2022,100,Korea Advanced Institute of Science and Technology (KAIST),South Korea,South Korea Korea Advanced Institute of Science and Technology (KAIST),"9,504",10.3,10%
601,2023,1,University of Oxford,United Kingdom,United Kingdom University of Oxford,"20,965",10.6,42%
602,2023,2,Harvard University,United States,United States Harvard University,"21,887",9.6,25%
603,2023,3,University of Cambridge,United Kingdom,United Kingdom University of Cambridge,"20,185",11.3,39%
604,2023,4,Stanford University,United States,United States Stanford University,"16,164",7.1,24%
605,2023,5,Massachusetts Institute of Technology,United States,United States Massachusetts Institute of Technology,"11,415",8.2,33%
606,2023,6,California Institute of Technology,United States,United States California Institute of Technology,"2,237",6.2,34%
607,2023,7,Princeton University,United States,United States Princeton University,"8,279",8,23%
608,2023,8,"University of California, Berkeley",United States,"United States University of California, Berkeley","40,921",18.4,24%
609,2023,9,Yale University,United States,United States Yale University,"13,482",5.9,21%
610,2023,10,Imperial College London,United Kingdom,United Kingdom Imperial College London,"18,545",11.2,61%
611,2023,11,Columbia University,United States,United States Columbia University,"21,781",4.5,38%
612,2023,12,ETH Zurich,Switzerland,Switzerland ETH Zurich,"21,665",14.8,41%
613,2023,13,The University of Chicago,United States,United States The University of Chicago,"15,366",6,36%
614,2023,14,University of Pennsylvania,United States,United States University of Pennsylvania,"21,453",6.3,23%
615,2023,15,Johns Hopkins University,United States,United States Johns Hopkins University,"17,584",4.7,29%
616,2023,16,Tsinghua University,China,China Tsinghua University,"38,324",11.6,10%
617,2023,17,Peking University,China,China Peking University,"31,994",10.3,19%
618,2023,18,University of Toronto,Canada,Canada University of Toronto,"77,468",25.8,26%
619,2023,19,National University of Singapore,Singapore,Singapore National University of Singapore,"32,337",19.8,25%
620,2023,20,Cornell University,United States,United States Cornell University,"24,027",10.3,26%
621,2023,21,"University of California, Los Angeles",United States,"United States University of California, Los Angeles","42,434",9.7,16%
622,2023,22,UCL,United Kingdom,United Kingdom UCL,"36,790",10.3,60%
623,2023,23,University of Michigan-Ann Arbor,United States,United States University of Michigan-Ann Arbor,"45,912",8.2,17%
624,2023,24,New York University,United States,United States New York University,"36,337",9.8,42%
625,2023,25,Duke University,United States,United States Duke University,"16,091",4.2,24%
626,2023,26,Northwestern University,United States,United States Northwestern University,"19,175",13.2,20%
627,2023,27,University of Washington,United States,United States University of Washington,"47,727",10.8,18%
628,2023,28,Carnegie Mellon University,United States,United States Carnegie Mellon University,"14,305",12.9,47%
629,2023,29,University of Edinburgh,United Kingdom,United Kingdom University of Edinburgh,"32,845",11.8,47%
630,2023,30,Technical University of Munich,Germany,Germany Technical University of Munich,"33,960",40.6,36%
631,2023,31,University of Hong Kong,Hong Kong,Hong Kong University of Hong Kong,"18,087",18.2,43%
632,2023,32,"University of California, San Diego",United States,"United States University of California, San Diego","37,030",11.3,28%
633,2023,33,LMU Munich,Germany,Germany LMU Munich,"35,003",34.2,19%
634,2023,34,University of Melbourne,Australia,Australia University of Melbourne,"49,588",23.8,47%
635,2023,35,King’s College London,United Kingdom,United Kingdom King’s College London,"28,965",11.8,52%
636,2023,36,"Nanyang Technological University, Singapore",Singapore,"Singapore Nanyang Technological University, Singapore","24,651",15.1,25%
637,2023,37,London School of Economics and Political Science,United Kingdom,United Kingdom London School of Economics and Political Science,"11,120",11.9,73%
638,2023,38,Georgia Institute of Technology,United States,United States Georgia Institute of Technology,"28,826",24.7,40%
639,2023,39,The University of Tokyo,Japan,Japan The University of Tokyo,"26,112",10.5,15%
640,2023,40,University of British Columbia,Canada,Canada University of British Columbia,"56,452",18.9,34%
641,2023,41,École Polytechnique Fédérale de Lausanne,Switzerland,Switzerland École Polytechnique Fédérale de Lausanne,"11,641",12.3,62%
642,2023,42,KU Leuven,Belgium,Belgium KU Leuven,"47,663",36.5,18%
643,2023,43,Universität Heidelberg,Germany,Germany Universität Heidelberg,"19,347",13.5,21%
644,2023,44,Monash University,Australia,Australia Monash University,"58,725",42.5,41%
645,2023,45,Chinese University of Hong Kong,Hong Kong,Hong Kong Chinese University of Hong Kong,"18,468",19,21%
646,2023,46,McGill University,Canada,Canada McGill University,"32,309",12.5,30%
647,2023,47,Paris Sciences et Lettres – PSL Research University Paris,France,France Paris Sciences et Lettres – PSL Research University Paris,"16,218",15,22%
648,2023,48,University of Illinois at Urbana-Champaign,United States,United States University of Illinois at Urbana-Champaign,"48,674",17.4,22%
649,2023,49,Karolinska Institute,Sweden,Sweden Karolinska Institute,"8,021",9.9,27%
650,2023,50,University of Texas at Austin,United States,United States University of Texas at Austin,"49,171",17.4,10%
651,2023,51,Fudan University,China,China Fudan University,"36,318",11.9,9%
652,2023,52,Shanghai Jiao Tong University,China,China Shanghai Jiao Tong University,"37,478",11.5,8%
653,2023,53,The University of Queensland,Australia,Australia The University of Queensland,"41,372",34.2,41%
654,2023,54,University of Manchester,United Kingdom,United Kingdom University of Manchester,"37,035",14.2,44%
655,2023,55,The University of Sydney,Australia,Australia The University of Sydney,"45,853",19,45%
656,2023,56,Seoul National University,South Korea,South Korea Seoul National University,"26,209",15.1,10%
657,2023,57,Washington University in St Louis,United States,United States Washington University in St Louis,"14,420",7.8,24%
658,2023,58,The Hong Kong University of Science and Technology,Hong Kong,Hong Kong The Hong Kong University of Science and Technology,"9,864",21,32%
659,2023,59,Wageningen University & Research,Netherlands,Netherlands Wageningen University & Research,"15,404",18.6,27%
660,2023,60,University of Amsterdam,Netherlands,Netherlands University of Amsterdam,"29,157",14.5,32%
661,2023,61,Brown University,United States,United States Brown University,"10,037",10.1,21%
662,2023,62,Australian National University,Australia,Australia Australian National University,"16,758",14.6,51%
663,2023,63,"University of California, Davis",United States,"United States University of California, Davis","37,639",13.1,18%
664,2023,64,"University of California, Santa Barbara",United States,"United States University of California, Santa Barbara","25,860",28.5,20%
665,2023,65,University of Southern California,United States,United States University of Southern California,"40,549",12.6,22%
666,2023,66,Utrecht University,Netherlands,Netherlands Utrecht University,"32,532",17.1,13%
667,2023,67,Zhejiang University,China,China Zhejiang University,"46,124",12,16%
668,2023,68,Kyoto University,Japan,Japan Kyoto University,"22,269",9.2,12%
669,2023,69,University of North Carolina at Chapel Hill,United States,United States University of North Carolina at Chapel Hill,"31,080",7.9,8%
670,2023,70,Delft University of Technology,Netherlands,Netherlands Delft University of Technology,"20,299",16.1,31%
671,2023,71,Boston University,United States,United States Boston University,"27,243",10.8,31%
672,2023,72,UNSW Sydney,Australia,Australia UNSW Sydney,"45,133",36.3,40%
673,2023,73,Charité - Universitätsmedizin Berlin,Germany,Germany Charité - Universitätsmedizin Berlin,"8,429",18,21%
674,2023,74,University of Science and Technology of China,China,China University of Science and Technology of China,"18,573",8.1,6%
675,2023,75,University of Groningen,Netherlands,Netherlands University of Groningen,"30,009",24.4,28%
676,2023,76,University of Bristol,United Kingdom,United Kingdom University of Bristol,"25,680",14.6,31%
677,2023,77,Leiden University,Netherlands,Netherlands Leiden University,"33,648",19.3,20%
678,2023,78,Yonsei University (Seoul campus),South Korea,South Korea Yonsei University (Seoul campus),"19,481",14.7,17%
679,2023,79,The Hong Kong Polytechnic University,Hong Kong,Hong Kong The Hong Kong Polytechnic University,"19,046",28.9,30%
680,2023,80,Erasmus University Rotterdam,Netherlands,Netherlands Erasmus University Rotterdam,"31,668",33.9,22%
681,2023,81,University of Wisconsin-Madison,United States,United States University of Wisconsin-Madison,"40,701",10,14%
682,2023,82,Emory University,United States,United States Emory University,"13,190",4.2,20%
683,2023,83,University of Glasgow,United Kingdom,United Kingdom University of Glasgow,"28,540",13.5,41%
684,2023,84,University of Zurich,Switzerland,Switzerland University of Zurich,"25,003",13.7,22%
685,2023,85,McMaster University,Canada,Canada McMaster University,"26,403",29,20%
686,2023,86,Humboldt University of Berlin,Germany,Germany Humboldt University of Berlin,"34,399",53.2,17%
687,2023,87,University of Tübingen,Germany,Germany University of Tübingen,"20,620",27.5,13%
688,2023,88,University of Adelaide,Australia,Australia University of Adelaide,"23,102",32.8,32%
689,2023,89,University of Bonn,Germany,Germany University of Bonn,"27,210",47.5,17%
690,2023,90,Sorbonne University,France,France Sorbonne University,"41,443",13.9,21%
691,2023,91,Free University of Berlin,Germany,Germany Free University of Berlin,"26,497",41.9,23%
692,2023,92,Korea Advanced Institute of Science and Technology (KAIST),South Korea,South Korea Korea Advanced Institute of Science and Technology (KAIST),"9,946",10.7,9%
693,2023,93,Université Paris-Saclay,France,France Université Paris-Saclay,"44,443",14.9,19%
694,2023,94,University of Bern,Switzerland,Switzerland University of Bern,"11,728",17.2,17%
695,2023,95,"University of California, Irvine",United States,"United States University of California, Irvine","36,655",16.9,28%
696,2023,96,Institut Polytechnique de Paris,France,France Institut Polytechnique de Paris,"5,999",6.7,41%
697,2023,97,Nanjing University,China,China Nanjing University,"36,426",16.5,8%
698,2023,98,Vanderbilt University,United States,United States Vanderbilt University,"12,696",3.8,15%
699,2023,99,City University of Hong Kong,Hong Kong,Hong Kong City University of Hong Kong,"9,099",12.1,62%
700,2023,100,RWTH Aachen University,Germany,Germany RWTH Aachen University,"39,738",50,28%
701,2024,1,University of Oxford,United Kingdom,United Kingdom University of Oxford,"21,750",10.9,42%
702,2024,2,Stanford University,United States,United States Stanford University,"14,517",6.4,23%
703,2024,3,Massachusetts Institute of Technology,United States,United States Massachusetts Institute of Technology,"11,085",8,33%
704,2024,4,Harvard University,United States,United States Harvard University,"20,050",9,25%
705,2024,5,University of Cambridge,United Kingdom,United Kingdom University of Cambridge,"20,565",11.5,38%
706,2024,6,Princeton University,United States,United States Princeton University,"7,753",7.3,23%
707,2024,7,California Institute of Technology,United States,United States California Institute of Technology,"2,240",6.1,33%
708,2024,8,Imperial College London,United Kingdom,United Kingdom Imperial College London,"20,275",11.8,61%
709,2024,9,"University of California, Berkeley",United States,"United States University of California, Berkeley","39,991",17.9,22%
710,2024,10,Yale University,United States,United States Yale University,"11,924",5.2,21%
711,2024,11,ETH Zurich,Switzerland,Switzerland ETH Zurich,"22,619",15.4,43%
712,2024,12,Tsinghua University,China,China Tsinghua University,"38,518",11.2,10%
713,2024,13,The University of Chicago,United States,United States The University of Chicago,"15,792",6.2,36%
714,2024,14,Peking University,China,China Peking University,"33,064",10.9,14%
715,2024,15,Johns Hopkins University,United States,United States Johns Hopkins University,"15,772",4.1,28%
716,2024,16,University of Pennsylvania,United States,United States University of Pennsylvania,"21,312",6.2,22%
717,2024,17,Columbia University,United States,United States Columbia University,"25,914",5.2,35%
718,2024,18,"University of California, Los Angeles",United States,"United States University of California, Los Angeles","42,634",9.6,15%
719,2024,19,National University of Singapore,Singapore,Singapore National University of Singapore,"33,334",20,24%
720,2024,20,Cornell University,United States,United States Cornell University,"23,620",10,24%
721,2024,21,University of Toronto,Canada,Canada University of Toronto,"79,282",25.8,27%
722,2024,22,UCL,United Kingdom,United Kingdom UCL,"41,110",11.3,61%
723,2024,23,University of Michigan-Ann Arbor,United States,United States University of Michigan-Ann Arbor,"45,783",8.1,16%
724,2024,24,Carnegie Mellon University,United States,United States Carnegie Mellon University,"13,562",11.9,44%
725,2024,25,University of Washington,United States,United States University of Washington,"49,486",10.1,16%
726,2024,26,Duke University,United States,United States Duke University,"15,527",3.9,18%
727,2024,27,New York University,United States,United States New York University,"48,461",11.8,42%
728,2024,28,Northwestern University,United States,United States Northwestern University,"18,894",13.1,18%
729,2024,29,The University of Tokyo,Japan,Japan The University of Tokyo,"26,345",10.3,15%
730,2024,30,University of Edinburgh,United Kingdom,United Kingdom University of Edinburgh,"33,940",11.5,46%
731,2024,31,Technical University of Munich,Germany,Germany Technical University of Munich,"35,506",44.4,39%
732,2024,32,"Nanyang Technological University, Singapore",Singapore,"Singapore Nanyang Technological University, Singapore","25,895",16.7,27%
733,2024,33,École Polytechnique Fédérale de Lausanne,Switzerland,Switzerland École Polytechnique Fédérale de Lausanne,"12,543",13.5,64%
734,2024,34,"University of California, San Diego",United States,"United States University of California, San Diego","40,596",12,19%
735,2024,35,University of Hong Kong,Hong Kong,Hong Kong University of Hong Kong,"18,103",18.3,43%
736,2024,36,Georgia Institute of Technology,United States,United States Georgia Institute of Technology,"32,079",28,29%
737,2024,37,University of Melbourne,Australia,Australia University of Melbourne,"51,307",25.1,47%
738,2024,38,King’s College London,United Kingdom,United Kingdom King’s College London,"32,835",13.9,53%
739,2024,39,LMU Munich,Germany,Germany LMU Munich,"34,622",33.5,18%
740,2024,40,Paris Sciences et Lettres – PSL Research University Paris,France,France Paris Sciences et Lettres – PSL Research University Paris,"16,120",15,22%
741,2024,41,University of British Columbia,Canada,Canada University of British Columbia,"58,987",19.4,34%
742,2024,42,University of Illinois at Urbana-Champaign,United States,United States University of Illinois at Urbana-Champaign,"50,250",19.6,23%
743,2024,43,Shanghai Jiao Tong University,China,China Shanghai Jiao Tong University,"38,472",12.6,9%
744,2024,44,Fudan University,China,China Fudan University,"38,101",12.6,9%
745,2024,45,KU Leuven,Belgium,Belgium KU Leuven,"49,435",37.3,19%
746,2024,46,London School of Economics and Political Science,United Kingdom,United Kingdom London School of Economics and Political Science,"11,945",12.6,72%
747,2024,47,Universität Heidelberg,Germany,Germany Universität Heidelberg,"19,315",13.3,20%
748,2024,48,Delft University of Technology,Netherlands,Netherlands Delft University of Technology,"21,262",15.9,30%
749,2024,49,McGill University,Canada,Canada McGill University,"30,821",11.9,29%
750,2024,50,Karolinska Institute,Sweden,Sweden Karolinska Institute,"8,085",9.9,27%
751,2024,51,University of Manchester,United Kingdom,United Kingdom University of Manchester,"40,725",15.6,45%
752,2024,52,University of Texas at Austin,United States,United States University of Texas at Austin,"48,558",16.4,8%
753,2024,53,Chinese University of Hong Kong,Hong Kong,Hong Kong Chinese University of Hong Kong,"18,290",18.8,25%
754,2024,54,Monash University,Australia,Australia Monash University,"58,460",43.1,38%
755,2024,55,Kyoto University,Japan,Japan Kyoto University,"21,817",9,11%
756,2024,56,Zhejiang University,China,China Zhejiang University,"48,169",12,16%
757,2024,57,University of Science and Technology of China,China,China University of Science and Technology of China,"20,252",8.1,5%
758,2024,58,Université Paris-Saclay,France,France Université Paris-Saclay,"31,662",13,24%
759,2024,59,"University of California, Davis",United States,"United States University of California, Davis","37,926",13.3,18%
760,2024,60,The University of Sydney,Australia,Australia The University of Sydney,"57,414",23.1,51%
761,2024,61,University of Amsterdam,Netherlands,Netherlands University of Amsterdam,"28,649",13.2,36%
762,2024,62,Seoul National University,South Korea,South Korea Seoul National University,"28,620",16.1,13%
763,2024,63,University of Wisconsin-Madison,United States,United States University of Wisconsin-Madison,"41,209",9.9,13%
764,2024,64,Brown University,United States,United States Brown University,"9,781",10.3,19%
765,2024,65,The Hong Kong University of Science and Technology,Hong Kong,Hong Kong The Hong Kong University of Science and Technology,"9,794",19.9,30%
766,2024,66,Wageningen University & Research,Netherlands,Netherlands Wageningen University & Research,"15,899",18.1,28%
767,2024,67,Australian National University,Australia,Australia Australian National University,"17,293",15.1,48%
768,2024,68,Washington University in St Louis,United States,United States Washington University in St Louis,"13,825",7.3,22%
769,2024,69,"University of California, Santa Barbara",United States,"United States University of California, Santa Barbara","25,540",27.5,18%
770,2024,70,The University of Queensland,Australia,Australia The University of Queensland,"42,847",39.1,42%
771,2024,71,Institut Polytechnique de Paris,France,France Institut Polytechnique de Paris,"6,073",6.8,42%
772,2024,72,University of North Carolina at Chapel Hill,United States,United States University of North Carolina at Chapel Hill,"30,782",7.7,8%
773,2024,73,Nanjing University,China,China Nanjing University,"36,711",16.7,8%
774,2024,74,University of Southern California,United States,United States University of Southern California,"44,083",14.2,24%
775,2024,75,Sorbonne University,France,France Sorbonne University,"41,527",14.5,22%
776,2024,76,Yonsei University (Seoul campus),South Korea,South Korea Yonsei University (Seoul campus),"18,961",13.9,17%
777,2024,77,Leiden University,Netherlands,Netherlands Leiden University,"35,072",19.3,21%
778,2024,78,Boston University,United States,United States Boston University,"26,677",10.8,29%
779,2024,79,University of Groningen,Netherlands,Netherlands University of Groningen,"31,942",28.8,29%
780,2024,80,University of Zurich,Switzerland,Switzerland University of Zurich,"25,608",14.7,24%
781,2024,81,University of Bristol,United Kingdom,United Kingdom University of Bristol,"27,335",14.8,31%
782,2024,82,City University of Hong Kong,Hong Kong,Hong Kong City University of Hong Kong,"9,076",13.2,67%
783,2024,83,Korea Advanced Institute of Science and Technology (KAIST),South Korea,South Korea Korea Advanced Institute of Science and Technology (KAIST),"10,130",10.7,8%
784,2024,84,UNSW Sydney,Australia,Australia UNSW Sydney,"47,044",36.6,40%
785,2024,85,University of Minnesota,United States,United States University of Minnesota,"59,556",11.8,9%
786,2024,86,Purdue University West Lafayette,United States,United States Purdue University West Lafayette,"42,633",18.3,17%
787,2024,87,University of Glasgow,United Kingdom,United Kingdom University of Glasgow,"32,270",14.4,43%
788,2024,88,The Hong Kong Polytechnic University,Hong Kong,Hong Kong The Hong Kong Polytechnic University,"20,034",30.6,30%
789,2024,89,Humboldt University of Berlin,Germany,Germany Humboldt University of Berlin,"34,761",54.5,18%
790,2024,90,RWTH Aachen University,Germany,Germany RWTH Aachen University,"34,914",43.3,29%
791,2024,91,University of Bonn,Germany,Germany University of Bonn,"26,290",44.5,17%
792,2024,92,"University of California, Irvine",United States,"United States University of California, Irvine","35,675",16.2,26%
793,2024,93,Vanderbilt University,United States,United States Vanderbilt University,"12,971",3.9,17%
794,2024,94,Charité - Universitätsmedizin Berlin,Germany,Germany Charité - Universitätsmedizin Berlin,"8,868",17.5,21%
795,2024,95,Lomonosov Moscow State University,Russian Federation,Russian Federation Lomonosov Moscow State University,"32,680",9.6,37%
796,2024,96,University of Tübingen,Germany,Germany University of Tübingen,"21,632",27.1,14%
797,2024,97,KTH Royal Institute of Technology,Sweden,Sweden KTH Royal Institute of Technology,"13,269",15.9,26%
798,2024,98,University of Southampton,United Kingdom,United Kingdom University of Southampton,"19,920",13,35%
799,2024,99,Erasmus University Rotterdam,Netherlands,Netherlands Erasmus University Rotterdam,"33,874",36,25%
800,2024,100,Ohio State University (Main campus),United States,United States Ohio State University (Main campus),"55,538",11.4,11%
